Post number,Subject,Body,Attachment link,Attachment caption,Location,Latitude,Longitude,Post color,Author,Created At (UTC),Updated At (UTC),Number of comments,Comments,Likes,Type,SpecType
1,"Pike Place Market, Seattle, WA","Pike Place Market hold a place in my heart because it represents the heart of Seattle. The street musicians, the smell of fresh bread and seafood, and the view of Elliott Bay make the city feel vibrant and full of character. Being there reminds me that even on stressful days, there is beauty and energy all around me.",https://storage.googleapis.com/padlet-uploads-usc1/5230970641/d3889121d59543f27d16f6061f344b32/pikes_place.jpg?Expires=1772732568&GoogleAccessId=778043051564-q79bsd8mc40b0bl82ikkrtc3jdofe4dg%40developer.gserviceaccount.com&Signature=M60JQiYF8qorolJszLj0xxb%2FbehoyHbSyfZRho5KB14qcTm%2BrCL63oFPHDauUUu1fBfqEiv0rYeu1Q%2BpqHpO%2FLuY9gHthrncXGGwchUZ%2BWle4v50EuwL%2FiNE%2BvRWidPUmUa%2BqQ6dBp8E1ASvF0Mrc%2BgyZ4DyLRlR1UaIjs2cXbg%3D&original-url=https%3A%2F%2Fpadlet-uploads-usc1.storage.googleapis.com%2F5230970641%2Fd3889121d59543f27d16f6061f344b32%2Fpikes_place.jpg,,"Pike Place Market, Seattle, WA",47.609665899999996,-122.3421671,White,Daniel Villasenor,"Feb 26, 2026 06:15am","Feb 26, 2026 06:15am",0,No comments,0,Recreation,Market
2,"Kubota Garden, 55th Avenue South, Seattle, WA","Character: Jason Lemon #1 
Jason woke up early one day, grumpy and sour as usual because he wasn't a morning person. However it was a bright and warm day, perfect weather for a walk. He grabs his flask filled it up with warm green tea and started walking to his favorite spot, Kubota Gardens. As he thinks about the work he has to do, he couldn't help but make the connections between what he's been learning and the environment around him as he walks along the trail leading to the ponds. He observes the dragonflies flying across the water, the Japanese Stone Lanterns, and the water lilies floating in the pond; bending down he calmly looks at all the kois breaching the pond hoping for some food. ""What a peaceful day"" he thought before being interrupted by his stomach growling. 
Jay Nguyen",https://storage.googleapis.com/padlet-uploads-usc1/5229197205/7d70b1e9ec2e9aa2e1c2bcf4be76f22a/IMG_5980_Original.jpg?Expires=1772732568&GoogleAccessId=778043051564-q79bsd8mc40b0bl82ikkrtc3jdofe4dg%40developer.gserviceaccount.com&Signature=Sh%2B97ToNwKaK2Ilw6KcXm5%2FZU4ickG4WrX%2BYw3SX6PnglLlTfE9HKzgJsw1tUtuzXQc8S0EVuMTlIP0ZPucORCV14840goODp1HHrwmbIiKiaUddTqZxy7CgU4MWv%2BkmDKaTplAUfuP5bwMKZMmpg9Q31ACgdELU%2FDJc4koPX2Q%3D&original-url=https%3A%2F%2Fpadlet-uploads-usc1.storage.googleapis.com%2F5229197205%2F7d70b1e9ec2e9aa2e1c2bcf4be76f22a%2FIMG_5980_Original.jpg,,"Kubota Garden, 55th Avenue South, Seattle, WA",47.5134676,-122.2658737,White,Jay Nguyen (joeang12),"Feb 25, 2026 09:14pm","Feb 25, 2026 09:20pm",0,No comments,0,Recreation,Garden
3,"(47.656385717216295, -122.30618899659842)","Meymoon needed a day to relax, a day in some of their favorite happy places. However, before they start their day of relaxation, they needed to finish up her last bit of work for the day. Greig Garden is on the way to the rest of their happy places but importantly is a green, sunny spot to get some work done. Vincent Tanaka",https://storage.googleapis.com/padlet-uploads-usc1/5229192268/9172e481814a50c5ac2d5bd0e10829bf/IMG_0094.jpg?Expires=1772732568&GoogleAccessId=778043051564-q79bsd8mc40b0bl82ikkrtc3jdofe4dg%40developer.gserviceaccount.com&Signature=pY4QIVpd5To1AiKc%2Bq5Vi3cJ4ZRxDX5XJw12CR%2FWPYoHq0S%2F2ONxVncITbRwN2%2BjsJtcxaTZB%2FyPoSb86r%2FYY77GK3FOd8ZNjWfWdOpeE%2FJL%2F2FNLwLpIPEDFIe4oacGf58N9P3r4rBzi2Szxi%2FlDZy3hsliVAxKaBZmKRJ1xZo%3D&original-url=https%3A%2F%2Fpadlet-uploads-usc1.storage.googleapis.com%2F5229192268%2F9172e481814a50c5ac2d5bd0e10829bf%2FIMG_0094.jpg,,"(47.656385717216295, -122.30618899659842)",47.656385717216295,-122.306189,White,Vincent Tanaka,"Feb 25, 2026 08:56pm","Feb 25, 2026 08:56pm",0,No comments,0,Recreation,Garden
4,"(47.6565039201217, -122.30597127922813)","Meymoon needed a day to relax, a day in some of their favorite happy places. However, before they start their day of relaxation, they needed to finish up her last bit of work for the day. Greig Garden is on the way to the rest of their happy places but importantly is a green, sunny spot to get some work done. Vincent Tanaka",,,"(47.6565039201217, -122.30597127922813)",47.65650392,-122.3059713,White,Responsible Armadillo,"Feb 25, 2026 08:52pm","Feb 25, 2026 08:52pm",0,No comments,0,Recreation,Garden
5,"McMahon Hall (MCM), Little Canoe Channel Northeast, Seattle, WA",Bob the builders favorite place is the McMahon parking lot because that means he finally gets to go home after working on haggett halls construction ,https://storage.googleapis.com/padlet-uploads-usc1/5227385713/9ea61e5e3c49055910280eee433a883d/IMG_2333.jpeg?Expires=1772732568&GoogleAccessId=778043051564-q79bsd8mc40b0bl82ikkrtc3jdofe4dg%40developer.gserviceaccount.com&Signature=YppOFGB7ol7gTgJOWRXtEve%2F6c7CzT7YVp63JayaQsVBwEVCnLBtpNGKvC%2BPyAlY7CnsCpKoZcJg9Hse6O6BDY3XhIZzOA%2BBKejmWvSIjbEhDeoRBEa23F50kav4CjpvZxWzL6o87cOjFGSsoMmqb2EQpZpoTiOjUZSFBj3ZH44%3D&original-url=https%3A%2F%2Fpadlet-uploads-usc1.storage.googleapis.com%2F5227385713%2F9ea61e5e3c49055910280eee433a883d%2FIMG_2333.jpeg,,"McMahon Hall (MCM), Little Canoe Channel Northeast, Seattle, WA",47.65821640000001,-122.3036595,White,Fidel M,"Feb 25, 2026 02:03pm","Feb 25, 2026 02:03pm",0,No comments,0,Dwelling,Dormatory
6,"Golden Gardens Park, Seaview Place Northwest, Seattle, WA","#4: When the time passed, Young went to Golden Garden Park and found a perfect spot for me. He lay down, sitting on the sand, and enjoying the sunset.
",https://storage.googleapis.com/padlet-uploads-usc1/5226172052/410de40b1f5a35daff5d7269fd827096/IMG_0965.jpg?Expires=1772732568&GoogleAccessId=778043051564-q79bsd8mc40b0bl82ikkrtc3jdofe4dg%40developer.gserviceaccount.com&Signature=6NJb1bNBEayVpmfzdpkV%2F%2FZ75yGjfkc%2BJTN9TzXDSrR8kOgPsBc2O1GXTHu%2B3PHACKmSYlBs1EwKlk42UFTz51whSAJMWKW8plyY65KwE3WCtmOFFUG8E88aqVM7uLdn3%2BOCwXSxg%2FMmu6DuiVuuWCUOTJFqsgr15m6AeU3j1TM%3D&original-url=https%3A%2F%2Fpadlet-uploads-usc1.storage.googleapis.com%2F5226172052%2F410de40b1f5a35daff5d7269fd827096%2FIMG_0965.jpg,"Group members' names: Hao Yang, Kevin Chao, Tommy Tsui, Amartya Chaube","Golden Gardens Park, Seaview Place Northwest, Seattle, WA",47.6917517,-122.4030912,White,Tommy Tsui,"Feb 25, 2026 09:09am","Feb 25, 2026 09:09am",0,No comments,0,Recreation,Garden
7,"Green Lake Park, East Green Lake Drive North, Seattle, WA","Ford starts his day with a walk around Greenlake. He enjoys his exercise, but there are also many people out that he can talk to for his research. He appreciates the calm water and the long walk to clear his mind.",https://storage.googleapis.com/padlet-uploads-usc1/5225914583/98862c88086b2ef48f9b8df0d3e84cb6/IMG_5805.jpg?Expires=1772732568&GoogleAccessId=778043051564-q79bsd8mc40b0bl82ikkrtc3jdofe4dg%40developer.gserviceaccount.com&Signature=R%2BLjDbNB7QZIyNju9PD8n%2FFZNUBcfZRBfex9hPEA%2BPkKinav8P8hNviLt9DGicYgpZlANxDglv0DaA6Yn7hTBEJ6dgZjymcKjaH%2BV0Hvq8uJuVzuGshUu1ifaju4e%2FKCRH0wzrbkRO6N9gqiHYTlZ%2BuBTpGgL%2FOJFWM15i%2BfOVE%3D&original-url=https%3A%2F%2Fpadlet-uploads-usc1.storage.googleapis.com%2F5225914583%2F98862c88086b2ef48f9b8df0d3e84cb6%2FIMG_5805.jpg,,"Green Lake Park, East Green Lake Drive North, Seattle, WA",47.680214299999996,-122.3284021,White,David Mwangi,"Feb 25, 2026 07:48am","Feb 25, 2026 07:48am",0,No comments,0,Recreation,Park
8,"Haines Wharf Park, 75th Place West, Edmonds, WA","Benimaru is a fourth-year UW student who is pursuing a degree in Geography: Data Science. He usually spends all of his free time doing schoolwork and stressing about upcoming deadlines. Benimaru is very observant and has a strong ability to reflect. However, his pressures can be overwhelming at times, causing his world to sometimes feel small and repetitive. When he wants to take a break from his stressful world, Benimaru drives to the Edmonds Waterfront. He likes to stand near the edge of the water and watch the ferries and trains pass by. He finds the cold air, the sound of the waves, and the wide-open view of the horizon to help clear his head. In addition, being at the waterfront makes him remember that there are things in life that are much much bigger than him and his problems/responsibilities.

Group/Member: Naod Alemu",https://storage.googleapis.com/padlet-uploads-usc1/5225738921/0fd18e636dc81424020a6974a06eacbd/IMG_3413.jpg?Expires=1772732568&GoogleAccessId=778043051564-q79bsd8mc40b0bl82ikkrtc3jdofe4dg%40developer.gserviceaccount.com&Signature=B%2Bo5v%2BuZ0VrNAuy4IpPhRZHN7p3pPy2QbnRPl6I9yZ6070axGqRz51tcCkboR8tIJSgD3ZkemOqTY4IwoNb5HofGJ%2Fj%2FPdbdCMxOyIXGrIYqvXkQvsAB1IRxQEMj0kWbbdYEWrYQ3pLvsDzJOQaYPUilV4qbFzIhJF8qQT30a8M%3D&original-url=https%3A%2F%2Fpadlet-uploads-usc1.storage.googleapis.com%2F5225738921%2F0fd18e636dc81424020a6974a06eacbd%2FIMG_3413.jpg,,"Haines Wharf Park, 75th Place West, Edmonds, WA",47.852057699999996,-122.3348454,White,Naod Alemu,"Feb 25, 2026 07:47am","Feb 25, 2026 07:47am",0,No comments,0,Recreation,Park
9,"Fritz Hedges Waterway Park, 1117 NE Boat St, Seattle, WA 98105, USA","Group Meymoon #4
Happy Story Contents: After their 15 minutes at the Drumheller fountain, Meymoon can’t help but to notice not only how the sun has started to reflect on the water in the fountain, but also how their stomach has started to rumble, making them keen on heading to see the lake and grab a bite to eat. Luckily, they had ventured all the way to West Campus, so Meymoon decided to head to the Fritz Hedges Waterfront park. At the Waterfront Park they have decided to get a burrito takeout from Aqua Verde, and sit on the yellow chairs and stare out at the lake.

Victoria Zhuang",https://storage.googleapis.com/padlet-uploads-usc1/5225835663/8ef07294720137f59e847fa76d6715cb/IMG_9662.JPG?Expires=1772732568&GoogleAccessId=778043051564-q79bsd8mc40b0bl82ikkrtc3jdofe4dg%40developer.gserviceaccount.com&Signature=2Empy107MB%2BfHBWQpgQPuF3sZ2W886i%2BHN03A7xubPG2eoWg9TMqZDWUSAhqnYhjQNylWWk4%2BBaRAkBzIdtnsIRi6UMaddwKcZJkEjhtG6%2FCXQfT961fAcDf1eCefeOURNtyPz3Aixe1qGK56ZfKI4LFW4t%2FcGuaoQ0sJZFWGzA%3D&original-url=https%3A%2F%2Fpadlet-uploads-usc1.storage.googleapis.com%2F5225835663%2F8ef07294720137f59e847fa76d6715cb%2FIMG_9662.JPG,,"Fritz Hedges Waterway Park, 1117 NE Boat St, Seattle, WA 98105, USA",47.65185203684905,-122.3156654,White,Victoria Zhuang (vzhuang3),"Feb 25, 2026 07:30am","Feb 25, 2026 07:30am",0,No comments,0,Recreation,Park
10,"Sweet Alchemy Ice Creamery, University Way Northeast, Seattle, WA","Group member: Cathya Tran

George is a surgical intern at Seattle Grace Hospital. As an intern, most of his week is dedicated to working endless hours at the hospital through day and night. He is a very kind and compassionate person and always brings warmth and comfortability to his fellow interns and colleagues. Today, after work, he decided to stop by his favorite ice cream spot called Sweet Alchemy on the Ave for a sweet treat after working so hard taking care of many patients and scrubbing in for many surgeries. He loves sampling each flavor because they rotate ever so often, so he’s in for a surprise each time he stops by. He decided to get the london fog flavor today, after standing there and debating between that and the cookies and cold brew. He always gets it in a cone, because it’s the best part. He enjoys his sweet treat down at the waterfront alongside his friend Izzie who came with him as a reward for the long day. ",https://storage.googleapis.com/padlet-uploads-usc1/5225839074/24e075fb9c5c7ee6c9d49e245e3f1a7e/IMG_8868.jpeg?Expires=1772732568&GoogleAccessId=778043051564-q79bsd8mc40b0bl82ikkrtc3jdofe4dg%40developer.gserviceaccount.com&Signature=2dMZLqWsAG7GtZ24ntysWKLfvFe8KwTWuUwHjHEPKtjcVpHzQ51DKM5b6GlLDGbHXryMveNgyAvkIfTuT7Y2b6bnI5WwG0uDNzTwVV714TegRX%2BdAKDEW2TXG41E8TqYpxv%2FC0lBFlsgghZkVWFsCqEr%2Bo29p7jmmBmPmpGuLJg%3D&original-url=https%3A%2F%2Fpadlet-uploads-usc1.storage.googleapis.com%2F5225839074%2F24e075fb9c5c7ee6c9d49e245e3f1a7e%2FIMG_8868.jpeg,,"Sweet Alchemy Ice Creamery, University Way Northeast, Seattle, WA",47.659916599999995,-122.3133762,White,George O’Malley,"Feb 25, 2026 07:28am","Feb 25, 2026 07:28am",0,No comments,0,Food,Snack
11,"Agua Verde Cafe, Northeast Boat Street, Seattle, WA",,https://storage.googleapis.com/padlet-uploads-usc1/5225829936/262068a39e1902b447069ea5d46309b6/IMG_0354.jpeg?Expires=1772732568&GoogleAccessId=778043051564-q79bsd8mc40b0bl82ikkrtc3jdofe4dg%40developer.gserviceaccount.com&Signature=Lr5BLMfNddl9mMDnw8BG70E0xHDa7tJ7qTbdTmlmSjvH%2FOeTOFwqBTUO0sBFWU8OqN3jcjk%2BraD741NvAtmqTdYqIXQd0LcTSFXfnGIS3n32Ko7ND9KHyU4T3PtjTb%2B%2BQZVWiTZAacb6n8jPFthG23nzp8v3hVArpcsTmgIv6OE%3D&original-url=https%3A%2F%2Fpadlet-uploads-usc1.storage.googleapis.com%2F5225829936%2F262068a39e1902b447069ea5d46309b6%2FIMG_0354.jpeg,,"Agua Verde Cafe, Northeast Boat Street, Seattle, WA",47.651562299999995,-122.3143428,White,Aditee,"Feb 25, 2026 07:23am","Feb 25, 2026 07:23am",0,No comments,0,Food,Café
12,"Aladdin Gyro-Cery & Deli, University Way Northeast, Seattle, WA",Billy Bob enjoys going to Aladdin’s Gyro in the University District after a long day of classes. The Aladdin fries with lamb are his favorite because they’re filling and always taste great. Sitting there with friends and good food makes it one of the spots where he feels relaxed and happy.,https://storage.googleapis.com/padlet-uploads-usc1/5225756234/6986a985a37a504d559ecaf11a56e550/Screenshot_2026_02_24_231651.png?Expires=1772732568&GoogleAccessId=778043051564-q79bsd8mc40b0bl82ikkrtc3jdofe4dg%40developer.gserviceaccount.com&Signature=h8n%2BU%2Bp0iVRRHgrkPloHuF%2B8WrOyBaq%2BjL9vWyg0RTwdxU9f4AaLZHIqcfMbOpq5Mopmm5QItBtCP7ASnPc0MiIA8htqMPOk9ASMJMmAdfRiuoImdobbmgMK2nTUhdq2JOLjIRRKQpajcTw6AU50nyCGdr3i7nBTOFIR9YKsf6k%3D&original-url=https%3A%2F%2Fpadlet-uploads-usc1.storage.googleapis.com%2F5225756234%2F6986a985a37a504d559ecaf11a56e550%2FScreenshot_2026_02_24_231651.png,,"Aladdin Gyro-Cery & Deli, University Way Northeast, Seattle, WA",47.6579819,-122.3133619,White,Supportive Boar,"Feb 25, 2026 07:20am","Feb 25, 2026 07:20am",0,No comments,0,Food,Deli
13,"4041 Roosevelt Way NE Suite 101, Seattle, WA 98105, USA","Group 'Charlie' #4

Being a day dedicated to recovering from a long week of the academic grind, Charlie has a chiropractic appointment lined up. The chiropractic adjustments trigger the release of neurotransmitters like dopamine, serotonin and endorphins, which improves mood and wellbeing— setting Charlie up for the upcoming week.

Fiona Zeng",https://padlet.com/padlets/i33k3qtcvgp38mxa/wishes/post_BJkrQA9A6z66QEge/exports/photo-album/zip,Pro-Form Chiropractic and Sports Injury,"4041 Roosevelt Way NE Suite 101, Seattle, WA 98105, USA",47.65640117,-122.3180692,Purple,Fiona Zeng (fionafyzeng),"Feb 25, 2026 06:57am","Feb 25, 2026 06:57am",0,No comments,0,Health,Chiropracter
14,"4732 Brooklyn Avenue Northeast, Seattle, WA","Roger starts his day off at his apartment, hitting a quick workout in the gym there before going to class.",https://storage.googleapis.com/padlet-uploads-usc1/5225691012/fa600668d8ac0921317b4814dee45f19/Screen_Shot_2026_02_24_at_10_46_17_PM.png?Expires=1772732568&GoogleAccessId=778043051564-q79bsd8mc40b0bl82ikkrtc3jdofe4dg%40developer.gserviceaccount.com&Signature=sfVuCKa4SgHKEWJPj4aX0727Ka64YAhsk04co5qnnY0rY7vNJ4I0nDRBnvJC9bZVs2O4CZ3LBgAeCGkYEg48U2cwts%2FAfKswNjriZ%2BQ1iXOMk1%2BulEDn8B25MxmOYDwgmpJlVgCTXnWJTwKmjvKy01e5jWY6NvEp9J7j881QtPI%3D&original-url=https%3A%2F%2Fpadlet-uploads-usc1.storage.googleapis.com%2F5225691012%2Ffa600668d8ac0921317b4814dee45f19%2FScreen_Shot_2026_02_24_at_10_46_17_PM.png,,"4732 Brooklyn Avenue Northeast, Seattle, WA",47.664203099999995,-122.3138863,White,Arjan,"Feb 25, 2026 06:46am","Feb 25, 2026 06:46am",0,No comments,0,Dwelling,Apartment
15,"Safeway, Brooklyn Avenue Northeast, University District, Seattle, WA",Had to improvise since I didn’t get the balloon at section this morning ,https://storage.googleapis.com/padlet-uploads-usc1/5225686875/55830c9904617065f915b3ef480dd503/IMG_0400.jpeg?Expires=1772732568&GoogleAccessId=778043051564-q79bsd8mc40b0bl82ikkrtc3jdofe4dg%40developer.gserviceaccount.com&Signature=z1FO%2B0Dlr7y3jhYfvWN0WUroVLeEYZMYgj%2Fp2LoQlS9%2BtWTl7J7U8UOcZumo%2BlY0THd9NgD2lNQzlkBTr93CvcOahlAmdHeUdalpR%2F43qfKdVuGjWu3vnNSVKsYyL0C3PW%2FCz0BWVX8NBVOMeGd5x2hlch3ekm7p%2BdQJCQRh0VE%3D&original-url=https%3A%2F%2Fpadlet-uploads-usc1.storage.googleapis.com%2F5225686875%2F55830c9904617065f915b3ef480dd503%2FIMG_0400.jpeg,,"Safeway, Brooklyn Avenue Northeast, University District, Seattle, WA",47.664203099999995,-122.3138864,Blue,Gavin M,"Feb 25, 2026 06:42am","Feb 25, 2026 06:42am",0,No comments,0,Store,Grocery
16,"The Quad - University of Washington, Pierce Lane, Seattle, WA","Group: Vikram Puri, Aaron Jacowitz, Mohamed Bashir, Farhan Hassan, Omar Ahmad, Rishi Victor
Character: Billy Bob
Story: Billy Bob lives at the Graduate. He woke up there, said hi to a few of his friends, and enjoyed the beautiful Seattle view. He first visited the HUB to play some games on Xbox with his friends, before resting on a bench in the quad on his way to Denny Field, where he met up with a few more friends to play spikeball. After a long day of enjoying the wonderful weather and views, he winds down at Area 01 by playing table tennis to destress. All those games worked up an appetite, so now, he finishes off the way with some delicious food at Aladdin’s Gyro in the U District. 

My name: Omar Ahmad

",https://storage.googleapis.com/padlet-uploads-usc1/5223518203/07a901478c9a90ae2023a5ba67cd0ccb/IMG_5770.jpg?Expires=1772732568&GoogleAccessId=778043051564-q79bsd8mc40b0bl82ikkrtc3jdofe4dg%40developer.gserviceaccount.com&Signature=2IjaCkF6CYL2yCtZVJdS5aidlnlxFW5vUgc9QJ5dL4hb73VsRhh2kGxY6rLDLFvrFyvlIJ%2Fn5hKbLmLs6FU%2F3erreW9356TLvCTje6nqjqQYfLEFMzXtVbP%2FTQ7Mi91uKSl9IGsyrha7vS731PUeneHdjFMx3SS%2FJNmXXCEZUpk%3D&original-url=https%3A%2F%2Fpadlet-uploads-usc1.storage.googleapis.com%2F5223518203%2F07a901478c9a90ae2023a5ba67cd0ccb%2FIMG_5770.jpg,,"The Quad - University of Washington, Pierce Lane, Seattle, WA",47.657263099999994,-122.3071972,White,Omar Ahmad (oahmad7),"Feb 25, 2026 06:23am","Feb 25, 2026 06:23am",0,No comments,0,School,Lawn
17,"IMA Sports Field, Seattle, WA","Character: Kai
After finishing a long day of classes at the UW, Kai felt mentally exhausted from coding assignments and exams. They decided to walk to the IMA to exercise and unwind. Running and lifting weights helped release the built up stress throughout the day. Afterwards, feeling refreshed, Kai later traveled to Seattle Dojo for judo practice, where they trained with fellow judoka to further master their techniques. The discipline and camaraderie at the dojo made Kai feel motivated with a place to belong in a familiar community. By the end of the day, moving between these two happy places helped Kai regain inner balance with academic pressure and his own personal well being.",https://storage.googleapis.com/padlet-uploads-usc1/5225601412/c691a21a2e2141ff0bbb00e152fde84d/image_2026_02_24_221443915.png?Expires=1772732568&GoogleAccessId=778043051564-q79bsd8mc40b0bl82ikkrtc3jdofe4dg%40developer.gserviceaccount.com&Signature=VIOJIp7hlIdDsOjY5yQw%2FI3sXqGLzk%2FKb1bBBgHZ7tkontkCi1qX62lnUjXWVp8U5Y3aZkz0f11uzEJ7TsqP80n9rsN0uaGdkv%2BDAOD3iK6LpMAcWgiMey25nFq2LThgfGMRSndLgyhp4Z%2FEoNpru5CgBMs3GpM%2BSolkCfVZfEc%3D&original-url=https%3A%2F%2Fpadlet-uploads-usc1.storage.googleapis.com%2F5225601412%2Fc691a21a2e2141ff0bbb00e152fde84d%2Fimage_2026_02_24_221443915.png,Group - AT (Anthony Tran),"IMA Sports Field, Seattle, WA",47.6548594,-122.3006859,White,Anthony Tran,"Feb 25, 2026 06:22am","Feb 25, 2026 06:24am",0,No comments,0,Recreation,Gym
18,"Bouldering Project - Poplar, Poplar Place South, Seattle, WA","Group No Group
One day Branzino was running late to meet his favorite squirrel at the Poplar SBP. Usually he rides the bus there, but he didn't have time! He raced across the heads of the many people waiting in line for the new Raisin' Canes Chicken on the Ave, swung his way down the lightrail station, and hitched a ride on top of the train. He dashed across the rooftops of the myriad of cars filling the climbing gym parking lot, making it right in time! He then had a brilliant session, despite the challenges of being only 10-12 inches in height as well as being extremely out of breath. It was the perfect day!
Jack Rainlyn",https://storage.googleapis.com/padlet-uploads-usc1/5225329383/4eb5073ed373b2020a81a8335c881958/balloonPoplarSBP.png?Expires=1772732568&GoogleAccessId=778043051564-q79bsd8mc40b0bl82ikkrtc3jdofe4dg%40developer.gserviceaccount.com&Signature=6nuMuJXTbGvus%2FAtWRue8qI6oADHF3loAvhdrz1hTUJvX5t2nNEqh79oa2ksug%2B%2B4dkY7X5FiYNYVb5Z2QVlt092oGoHOz4fTgl42T4YFwq57F6JKKttfOB9uHxDfI%2BfTcpK0Qwxtesy00KNc8PxiwmnFLolhg1sDaMLvXAmE9g%3D&original-url=https%3A%2F%2Fpadlet-uploads-usc1.storage.googleapis.com%2F5225329383%2F4eb5073ed373b2020a81a8335c881958%2FballoonPoplarSBP.png,,"Bouldering Project - Poplar, Poplar Place South, Seattle, WA",47.593468699999995,-122.3109464,Purple,Jack Rainlyn,"Feb 25, 2026 06:04am","Feb 25, 2026 06:04am",0,No comments,0,Recreation,Gym
19,University Village Park,"Group: Martin Le, Paxton White, Andrew Frederick, Fidel Mendoza
Character: Bob the BuilderDuring his lunch break Bob The Builder walks down to UVillage Park to get some lunch and chat with his coworkers

Bob has gone to this park many times and has stayed there for hours chatting and laughing with friends while taking in the modern scenery.


My name: Andrew Frederick",https://storage.googleapis.com/padlet-uploads-usc1/5224951042/93fbb10badc3b1b92e9d0a6a7fa150c8/IMG_3405.jpeg?Expires=1772732568&GoogleAccessId=778043051564-q79bsd8mc40b0bl82ikkrtc3jdofe4dg%40developer.gserviceaccount.com&Signature=pxuy7kuvsbpPxuRWsTZ5OZONuaCjNBIKyRuGZ1%2BKi3R%2BRgUax7JY3755Ie8FKfRJOnUtZHkKIOALL7VMIy1uER8fN%2Buvxb4OaIL7f2Ei6HBK2BfaVr9B%2FjIi2PzTM4vLn8WYgttthvgTeDplnn2tC6kDJcS4AzT3MFlhuaX0SBQ%3D&original-url=https%3A%2F%2Fpadlet-uploads-usc1.storage.googleapis.com%2F5224951042%2F93fbb10badc3b1b92e9d0a6a7fa150c8%2FIMG_3405.jpeg,,"2651 NE 49th St, Seattle, WA 98105, USA",47.66385851338934,-122.2982961,Green,Andrew Frederick,"Feb 25, 2026 06:03am","Feb 25, 2026 06:05am",0,No comments,0,Recreation,Park
20,"Suzzallo and Allen Libraries, 15th Avenue Northeast, Seattle, WA","Bobby ends his day at Suzzallo Library, appreciating the calm atmosphere and beautiful scenery of the building, which helps him fully unwind and reflect before heading home to sleep.
",https://storage.googleapis.com/padlet-uploads-usc1/5225529878/0843a0ee91fc139341ab95ca2f4ca396/IMG_0070.jpg?Expires=1772732568&GoogleAccessId=778043051564-q79bsd8mc40b0bl82ikkrtc3jdofe4dg%40developer.gserviceaccount.com&Signature=Hzur%2B8EA6l%2B2%2BYbHr4YjeB8RioGNkj8gh%2Bp7G8zLqbNVv2wHrvNvA%2B%2FVyi6RdfU%2BOUptgWUAOnA8Hz%2FeGwz9vwvO5rbGZeTlpeXWNIuOa7eXVxRlREk9EXnWYwCZm%2BToAADxrAdEuqV7DSGLYVCeejG2m2yx4g5H6ldBBJ5EtXo%3D&original-url=https%3A%2F%2Fpadlet-uploads-usc1.storage.googleapis.com%2F5225529878%2F0843a0ee91fc139341ab95ca2f4ca396%2FIMG_0070.jpg,,"Suzzallo and Allen Libraries, 15th Avenue Northeast, Seattle, WA",47.655883499999995,-122.3084354,White,Matiyas Yared,"Feb 25, 2026 05:55am","Feb 25, 2026 05:55am",0,No comments,0,School,Library
21,"Fritz Hedges Waterway Park, Northeast Boat Street, Seattle, WA","Group 'Mina', #1
Mina likes to start off her day by walking to the ➀ Fritz Hedges Waterway Park, where she enjoys the sunshine and watches the geese. She has good memories there with her friends and really enjoys the scenery.
Reese Dyer",https://storage.googleapis.com/padlet-uploads-usc1/5225511901/1e657aa4e32ce13c8188a9486b4022e2/a639df6b_5bc2_4e64_9e69_c4baaefe7ba6.jpg?Expires=1772732568&GoogleAccessId=778043051564-q79bsd8mc40b0bl82ikkrtc3jdofe4dg%40developer.gserviceaccount.com&Signature=p%2FN2zgJntor53ZO7iuxawDbnLzCqNmHmydqSd38Jot4LzqX51jk0cwWcjpkUV9icn%2F8CGOJ0x1ID9BzdauDk6a7MAWMdfJR6Tlfk5Fq7yUTssxo%2FIw68vTcf2FE30IO0E5%2BAW2OnSiVdzr338JvcXPO3I2iuoCV3Mj%2BgTic4bj4%3D&original-url=https%3A%2F%2Fpadlet-uploads-usc1.storage.googleapis.com%2F5225511901%2F1e657aa4e32ce13c8188a9486b4022e2%2Fa639df6b_5bc2_4e64_9e69_c4baaefe7ba6.jpg,,"Fritz Hedges Waterway Park, Northeast Boat Street, Seattle, WA",47.6520661,-122.3159908,Blue,Reese Dyer,"Feb 25, 2026 05:52am","Feb 25, 2026 05:52am",0,No comments,0,Recreation,Park
22,"Haring Center: Experimental Education Unit, Northeast Columbia Road, Seattle, WA","Group 'Charlie' #3


After the workout, Charlie walks around Montlake to unwind and reflect on their week. There is a quiet corner at the back of the Haring Center, Charlie decides to sit on the bench in the middle of the tree, watches squirrels jumping around and clears their mind.


Margaret Yang",https://padlet.com/padlets/i33k3qtcvgp38mxa/wishes/post_zV61Q6x9Bol1WO98/exports/photo-album/zip,The back of Haring Center,"Haring Center: Experimental Education Unit, Northeast Columbia Road, Seattle, WA",47.6483785,-122.3074669,Green,Margaret Yang (jyang120_1),"Feb 25, 2026 05:30am","Feb 25, 2026 05:30am",0,No comments,0,School,Classroom
23,"Husky Stadium, Montlake Boulevard Northeast, Seattle, WA","Husky stadium
Group: Bob the builder
Person #3:
My happy place is Husky Stadium, whether it’s marching band rehearsal, or 
gameday, I get to spend my time there having fun with my friends, playing music, and 
rooting for my favorite football team.
Paxton White",https://storage.googleapis.com/padlet-uploads-usc1/5225408983/6bcfa06726cdf05cec6ea3e9cbc7a808/20260224_205514.jpg?Expires=1772732568&GoogleAccessId=778043051564-q79bsd8mc40b0bl82ikkrtc3jdofe4dg%40developer.gserviceaccount.com&Signature=QRf%2FYyxbKZfj5qB1DOWypl8eMHHh%2Bdo3eOwx9xg2VRtqfxIMx29Zl5DyCBZwhoqavf8lVtYyyISksZPyjUSvRH5SKaRp%2BBF0sST7z6aQnAOj%2FQvbQZlxZ%2BIFqrOxLEgf%2FRZ%2FoRwUBG9XvsHgxkDt%2FBfEE4ZcR9DhW3kcu4oJEBo%3D&original-url=https%3A%2F%2Fpadlet-uploads-usc1.storage.googleapis.com%2F5225408983%2F6bcfa06726cdf05cec6ea3e9cbc7a808%2F20260224_205514.jpg,,"Husky Stadium, Montlake Boulevard Northeast, Seattle, WA",47.650317699999995,-122.3016101,White,Paxton White,"Feb 25, 2026 05:20am","Feb 25, 2026 05:20am",0,No comments,0,Recreation,Stadium
24,"Drumheller Fountain, Seattle, WA","Group 'Meymoon' 3: After their session at the IMA, Meymoon needed a spot to cool off after their workout and Drumheller was the perfect spot. Taking a seat at one of the benches, they stare out into the distance to Mt. Rainier since it was such a clear day for 15 minutes thinking about what to do next.
Jasen Mullins",https://storage.googleapis.com/padlet-uploads-usc1/5225326845/a7c12bd9e7e21f8e2e8b07a57efb7f98/IMG_4570.jpeg?Expires=1772732568&GoogleAccessId=778043051564-q79bsd8mc40b0bl82ikkrtc3jdofe4dg%40developer.gserviceaccount.com&Signature=RVKouy%2F3I35lovncEZlWC8KZBNmgziRlqtoRANKA660O5pSarqASarecP12CnI3FK%2FB1lj8%2F8FkwQ9Hx%2FO4MFBUYIeQHCv9ndamf9Hj63DmBXIQxY7biezduP9z85kJVTBHczgRBJdf6ljjFkjQxmVIAZDg%2FwtF6gCLSqANab5k%3D&original-url=https%3A%2F%2Fpadlet-uploads-usc1.storage.googleapis.com%2F5225326845%2Fa7c12bd9e7e21f8e2e8b07a57efb7f98%2FIMG_4570.jpeg,,"Drumheller Fountain, Seattle, WA",47.6537532,-122.3077384,White,Attentive Oyster,"Feb 25, 2026 04:52am","Feb 25, 2026 04:52am",0,No comments,0,School,Scenic
25,"Gas Works Park, North Northlake Way, 西雅图华盛顿",Individual 1 Bennie loves the view of the Seattle skyline from the top of the hill at Gas Works Park because it makes the city feel peaceful. - miles zhang,https://storage.googleapis.com/padlet-uploads-usc1/5225282905/e9944272eb38b50b574521adfa7466ab/IMG_0001.jpeg?Expires=1772732568&GoogleAccessId=778043051564-q79bsd8mc40b0bl82ikkrtc3jdofe4dg%40developer.gserviceaccount.com&Signature=PWwxFQZBmBa96sOMjw%2BFi9m9yfg%2FKXe8XZgMFECo4frXiC3xkSjlVDVDge5co1ptCTubrcUDgk1o%2BiRwY4D98TUtkMa%2F0DwpPAKBrud25rQ27fLH7Aqkm%2BdlZ1YCFtQ12j0zGU5EMXz11IKNhjY40ith8YCZavjmmxNBeYW787o%3D&original-url=https%3A%2F%2Fpadlet-uploads-usc1.storage.googleapis.com%2F5225282905%2Fe9944272eb38b50b574521adfa7466ab%2FIMG_0001.jpeg,,"Gas Works Park, North Northlake Way, 西雅图华盛顿",47.6456308,-122.3343532,White,Miles,"Feb 25, 2026 04:33am","Feb 25, 2026 04:33am",0,No comments,0,Recreation,Park
26,"University Bridge, Seattle, WA","Group ""Bartholomew"" (4). Bartholomew wakes up in the morning and goes to Muddy Waters Coffee to have a cup of coffee. Get ready for the day. After his first class, Bartholomew then takes a break on one of the benches in The Quad while listening to music to pass the time. During lunch, Bartholomew goes to By George to get some food and meet up with his friends on campus. After finishing his classes for today, Bartholomew decides to do a late afternoon run to and from the University Bridge. On his way back to the bridge, he admires the scene around him, checking out the water front, the skyline, and the entire campus. Bartholomew decides to have dinner in Bellevue square. He chooses a steak house in Lincoln square next to Bellevue square. After that, Bartholomew goes to Bellevue Square and chooses a candle he likes to help himself with a better sleep. 

Naama Al-Musawi",https://storage.googleapis.com/padlet-uploads-usc1/5225249476/ba7d47f833583f2b4c7b12f74940c45e/Screenshot_2026_02_24_201433.png?Expires=1772732568&GoogleAccessId=778043051564-q79bsd8mc40b0bl82ikkrtc3jdofe4dg%40developer.gserviceaccount.com&Signature=pUWbPckrWF8yeW6y%2FS9h6b6owWUvMXNEDQERLfySPrU1RCElb9fHxkdaut6dN6rZqBuv6DNuBjfl8JhB%2B4F0w%2FmloESRCCvA1rrKyz%2BE7%2BxKx4L2Mals9xtSrpF4SG4dYbp8mVZDuEm9j0psEUfMiwUfR8CwG7lbUWYhgEEHJu4%3D&original-url=https%3A%2F%2Fpadlet-uploads-usc1.storage.googleapis.com%2F5225249476%2Fba7d47f833583f2b4c7b12f74940c45e%2FScreenshot_2026_02_24_201433.png,,"University Bridge, Seattle, WA",47.6531933,-122.3199777,Blue,Naama Al-Musawi,"Feb 25, 2026 04:23am","Feb 25, 2026 04:23am",0,No comments,0,Feature,Bridge
27,"Planet Fitness, Bothell Everett Highway, Mill Creek, WA",Group 'Alex': Alex loves being active and listening to their favorite tunes. Planet Fitness makes Alex feel strong and calm.,https://storage.googleapis.com/padlet-uploads-usc1/5225256998/53668423de1cddc51c66daaea0202a3d/IMG_8348.jpg?Expires=1772732568&GoogleAccessId=778043051564-q79bsd8mc40b0bl82ikkrtc3jdofe4dg%40developer.gserviceaccount.com&Signature=qmDU5oC3HYqktBBRYRajDRX%2B%2B4FO1tkCPh557i48DhIkajNMKcRPnUrdf69J0rWygglTOTef%2FMv6HNExHn8infU4lJgI3TDbOrSCIA%2BTQdfgmwKnCxA6mMKcXpitWZouz4AqCWjIf56WxNrN4gBovIdg%2F%2BS4wN43HG0ZvJO5P40%3D&original-url=https%3A%2F%2Fpadlet-uploads-usc1.storage.googleapis.com%2F5225256998%2F53668423de1cddc51c66daaea0202a3d%2FIMG_8348.jpg,,"Planet Fitness, Bothell Everett Highway, Mill Creek, WA",47.87657000000001,-122.21429,White,Ryan Contreras (ryanvc23),"Feb 25, 2026 04:22am","Feb 25, 2026 04:22am",0,No comments,0,Recreation,Gym
28,"4106 Northeast 41st Street, Seattle, WA",The balloon thinks its room is the best space because its quiet comfortable and makes the balloon feel safe. With the ability for the balloon to do whatever it wishes,https://storage.googleapis.com/padlet-uploads-usc1/5225248144/9680889d0a36869d647b2963e39f2cc9/20260224_201050.jpg?Expires=1772732569&GoogleAccessId=778043051564-q79bsd8mc40b0bl82ikkrtc3jdofe4dg%40developer.gserviceaccount.com&Signature=a6ll9SgiObahidogfnr5zHZ61ZXp7ODdgBRCSOiXIEk9%2B1ybkNKS7ceCnDvH3H0CiY1RSn%2FRog0Gaw5FYSo7K35I9%2F7JuLn4pvHwgE%2B0zhfCbc8%2FpuNtlALwwLcAV1MLB3QOfINraG9maOLE3fcxgW1jCd4e9%2FcuFlQ8rhPQA5w%3D&original-url=https%3A%2F%2Fpadlet-uploads-usc1.storage.googleapis.com%2F5225248144%2F9680889d0a36869d647b2963e39f2cc9%2F20260224_201050.jpg,,"4106 Northeast 41st Street, Seattle, WA",47.6584266,-122.2840562,White,Oswaldo Jimenez,"Feb 25, 2026 04:15am","Feb 25, 2026 04:15am",0,No comments,0,Dwelling ,Apartment
29,"Seattle Japanese Garden, East Lake Washington Boulevard, Seattle, WA","Later in the day, Alex goes to the Japanese Garden to relax and enjoy the quiet paths and nature. It helps Alex feel calm and reset. But today the garden was closed until March 1, so Alex just walked around the area instead and still found time to relax.",https://storage.googleapis.com/padlet-uploads-usc1/5225142620/e0d14e3681ae7a36365b4dc30e5d9aeb/IMG_5533.jpeg?Expires=1772732569&GoogleAccessId=778043051564-q79bsd8mc40b0bl82ikkrtc3jdofe4dg%40developer.gserviceaccount.com&Signature=LPZQuGe6f4bJ%2BNE2kTmWueBXWlxPDkzVvNrUXmRjHxfAXdJJUori5OJVPqmNiy8J3fKe%2BNRiIvKQuZqZO9JoyjRNY1ZWCew81cywL6jfmS%2BYMdf2L2Hwcc%2F05k33SUtaejbZhZHZl664Z8SEPMzUrAa8qp551QytqouiGIBoGbQ%3D&original-url=https%3A%2F%2Fpadlet-uploads-usc1.storage.googleapis.com%2F5225142620%2Fe0d14e3681ae7a36365b4dc30e5d9aeb%2FIMG_5533.jpeg,,"Seattle Japanese Garden, East Lake Washington Boulevard, Seattle, WA",47.6290005,-122.2962936,White,ALEX,"Feb 25, 2026 03:56am","Feb 25, 2026 03:56am",0,No comments,0,Recreation,Garden
30,"Intramural Activities Building (IMA), Montlake Boulevard Northeast, Seattle, WA","Group: None, Solo
Name: Jishnu Kandala
Jaxon greatly enjoyed his walk to the IMA that he takes almost every day to start his workouts and today was especially enjoyable due to the weather being very bright today. He meets up with his teammates and prepares for his workout. Today he he is going to hit push (Chest, Shoulders, and Triceps). He spends about 2 hours with his exercises before going to play some volleyball in the courts at Gym C.",https://storage.googleapis.com/padlet-uploads-usc1/5223852423/8b652c7d7588f0dba9e154769ea32da7/IMG_9302.jpg?Expires=1772732569&GoogleAccessId=778043051564-q79bsd8mc40b0bl82ikkrtc3jdofe4dg%40developer.gserviceaccount.com&Signature=53ZyeUf%2BQmsdGW99vcBJcv1Gs%2BLMdkCCDv7CsKzVSK0VJzEeLLS2satHLV9bpdolpaTbbWCjkgtwF38lt3Gb1Vre6uXqUTVM42YsPYNp7wtDgmhhQG4UFn24V7Jm1DP5ruSfCBHUl9pRnCXHRXQoqwiqJ%2Bipsu%2BDCrgi%2FVKe%2FlY%3D&original-url=https%3A%2F%2Fpadlet-uploads-usc1.storage.googleapis.com%2F5223852423%2F8b652c7d7588f0dba9e154769ea32da7%2FIMG_9302.jpg,,"Intramural Activities Building (IMA), Montlake Boulevard Northeast, Seattle, WA",47.6535921,-122.3015799,Purple,Jishnu Kandala,"Feb 25, 2026 03:43am","Feb 25, 2026 03:43am",0,No comments,0,Recreation,Gym
31,"Benaroya Hall, University Street, Seattle, WA","Violet Reborn Jr., #3
Benaroya is a chance to step away from the real world and allow yourself to be taken by beautiful live music in a majestic environment. The hall enhances the live orchestra and allows for a sense of community with like-minded appreciators.
Victoria Rose
",https://padlet.com/padlets/i33k3qtcvgp38mxa/wishes/post_KxJvagpG504AQAg0/exports/photo-album/zip,,"Benaroya Hall, University Street, Seattle, WA",47.608174999999996,-122.3367639,Purple,Victoria Rose,"Feb 25, 2026 03:04am","Feb 25, 2026 03:11am",0,No comments,1,Recreation,Auditorium
32,"Neptune Theatre, Northeast 45th Street, Seattle, WA","Group 'Young' 2: Young loves walking over to the Neptune Theatre on The Ave after a long day of classes. It's just a short stroll from campus, making it the perfect escape. He grabs some snacks, sinks into a seat, and loses himself in whatever is playing on the big screen. The vintage-meets-modern vibe of the theater feels right at home in the University District, and for a couple of hours, all the stress of school simply disappears.
",https://padlet.com/padlets/i33k3qtcvgp38mxa/wishes/post_L8KjW9vDd1NYaJbv/exports/photo-album/zip,,"Neptune Theatre, Northeast 45th Street, Seattle, WA",47.661172199999996,-122.3139806,Red,Amartya Chaube,"Feb 25, 2026 03:02am","Feb 25, 2026 03:02am",0,No comments,0,Recreation,Theater
33,"Intramural Activities Building (IMA), Montlake Boulevard Northeast, Seattle, WA","
Group 'Violet Reborn Jr.' #2
After finishing an entire plate of tofu, Violet Reborn Jr. decided she had fueled herself a little too well and marched straight to the IMA to balance things out. She ran on the treadmill and lifted a few weights, turning her tofu fueled determination into a quick but satisfying workout.
Liam Chen",https://padlet.com/padlets/i33k3qtcvgp38mxa/wishes/post_pRxDZ4OBxvlNQ183/exports/photo-album/zip,,"Intramural Activities Building (IMA), Montlake Boulevard Northeast, Seattle, WA",47.6535921,-122.3015799,Red,Liam Chen,"Feb 25, 2026 03:00am","Feb 25, 2026 03:03am",0,No comments,2,Recreation,Gym
34,By George Cafe,"Group 'Charlie' 1: Charlie begins their day getting up early and heads to George Cafe after packing their things to work on a few errands and assignments. They meet with a friend and the two of them split an acai bowl and quietly work on their individual projects together, the two make small talk about their plans in the coming season. Robbie Rivera",https://storage.googleapis.com/padlet-uploads-usc1/5222919158/965789b065310b0a9b7dfa0883da37dc/IMG_6856.jpeg?Expires=1772732569&GoogleAccessId=778043051564-q79bsd8mc40b0bl82ikkrtc3jdofe4dg%40developer.gserviceaccount.com&Signature=xicIfh9%2FgsiNOB%2F11UAjdHxQSTmlmBVj900Cml6GHS7sSOg0wVQMCkxA6CduhcyjmcaG673BOv%2FiWIvmYFFwpga6sKJ1OPN6WWHl%2BLHbEAcLJ7Aye%2Fh4BlhZBfyC%2BsapytZZVdQOlzs%2BBPkGLkLLRBwlnMKOqcN6YLTf%2FiM4ZWQ%3D&original-url=https%3A%2F%2Fpadlet-uploads-usc1.storage.googleapis.com%2F5222919158%2F965789b065310b0a9b7dfa0883da37dc%2FIMG_6856.jpeg,,"University of Washington, Seattle, WA, USA",47.65622837982101,-122.3106378,White,Robbie,"Feb 25, 2026 02:39am","Feb 25, 2026 02:39am",0,No comments,0,Food,Café
35,"University Playground Park, 9th Avenue Northeast, Seattle, WA","Group: Mina
Then, she walks her dog to the University Playground and lets him run around the field. Going for a stroll around the park with her dog helps Mina get into a better mindset, especially after a stressful day of school.
Evelyn Antonyuk",https://storage.googleapis.com/padlet-uploads-usc1/5224813132/abfba0e5582e5a9b320bad6818b35e0a/MEOW.jpg?Expires=1772732569&GoogleAccessId=778043051564-q79bsd8mc40b0bl82ikkrtc3jdofe4dg%40developer.gserviceaccount.com&Signature=eXwx760CsTLMsNEuLLxdFX5jlZueqFMPfjd3osAGROTWW%2BdGmJp0TqFiLoPZV9G6eV%2FxOOBUI6f7lNxJcO6s5K56Bu%2B14RUUfFxTeZ5IFcpBMQjTuZbU%2FR7ByMP%2BPuivhPu3diedMYXrnuSc6ekIEP%2FfPckw96Dn%2Fjp%2BeUAZa9A%3D&original-url=https%3A%2F%2Fpadlet-uploads-usc1.storage.googleapis.com%2F5224813132%2Fabfba0e5582e5a9b320bad6818b35e0a%2FMEOW.jpg,Lavender helium balloon with a ':3' face held out in front of a park. Grassy field and playground towards the back. ,"University Playground Park, 9th Avenue Northeast, Seattle, WA",47.6644085,-122.3193462,Purple,Evelyn Antonyuk,"Feb 25, 2026 02:25am","Feb 25, 2026 02:26am",0,No comments,0,Recreation,Park
36,"(47.64954871411114, -122.31202004800542)","[Roger #6/7]
Before the day ends, Roger has one final assignment to complete for class. He heads down to the southernmost point of campus, near Portage Bay, so he can collect a water sample for his biology group. He’ll have to bring it into his lab tomorrow so they can analyze it, but Roger can’t think about that now. He’s exhausted. He watches a few passing private boats as he fills his test tube, a flock of geese circling to the right of him, and he heads out for the last time.

Chandler Jensen",https://storage.googleapis.com/padlet-uploads-usc1/5224783768/38317ce8f1f8ef0f748e02d0f7a2da47/roger.png?Expires=1772732569&GoogleAccessId=778043051564-q79bsd8mc40b0bl82ikkrtc3jdofe4dg%40developer.gserviceaccount.com&Signature=cKYNRWKkdmWgl3qHM9sl2E5lsO2x3MQhX8BPafodCiz%2F26VGKGip9M3x6WfjUTR2hgN2SofS5AKgRwb0L38x5uQXUjcbSa683sqwyVgubfHchuS9LEMLpuIRhYKMOpSa76nzzO4ke%2Bd1Pf9Mg2ltEbslIbEu6ad0%2Fyi%2BL7pOD4U%3D&original-url=https%3A%2F%2Fpadlet-uploads-usc1.storage.googleapis.com%2F5224783768%2F38317ce8f1f8ef0f748e02d0f7a2da47%2Froger.png,,"(47.64954871411114, -122.31202004800542)",47.64954871411114,-122.31202,Yellow,Chandler Jensen,"Feb 25, 2026 02:19am","Feb 25, 2026 02:19am",0,No comments,0,School,Scenic
37,interlaken park,,https://storage.googleapis.com/padlet-uploads-usc1/5224728168/e004a2edbd0ac1cad37e627f14878643/balooon.png?Expires=1772732569&GoogleAccessId=778043051564-q79bsd8mc40b0bl82ikkrtc3jdofe4dg%40developer.gserviceaccount.com&Signature=mBb%2F%2FK79683ox8IWwZkPJcWiTS%2FqXzMyUNubdpvZ9TcDS2b2QdAdyur1w7kADxhQQO5dRjBpX4Ah7zA56IYwovbM3tmJlEFUcEKrXigEDg%2FacNrha0ZTxYoN%2BLi8VzlDESXi5I5g1EK0iDPsaK9V4PYV%2FThFFHp9fxX53MiUBrA%3D&original-url=https%3A%2F%2Fpadlet-uploads-usc1.storage.googleapis.com%2F5224728168%2Fe004a2edbd0ac1cad37e627f14878643%2Fbalooon.png,,"2451 Delmar Dr E, Seattle, WA 98112",47.6420374,-122.3170837,White,beed rayless,"Feb 25, 2026 02:00am","Feb 25, 2026 02:00am",0,No comments,0,Recreation,Park
38,"Sonic Boom Records, Northwest Market Street, 西雅图华盛顿","Young feels happiest at Sonic Boom record store in Ballard. Flipping through vinyl records and listening to music makes him feel calm and inspired. Music helps him reconnect with himself and the city.
Hao Yang",https://padlet.com/padlets/i33k3qtcvgp38mxa/wishes/post_v3w8Zw83XxyBWN52/exports/photo-album/zip,,"Sonic Boom Records, Northwest Market Street, 西雅图华盛顿",47.668493,-122.3851407,Purple,hyang643,"Feb 25, 2026 01:45am","Feb 25, 2026 01:45am",0,No comments,0,Store,Music
39,By George Cafe,"Bartholomew James III Jr. 3) During lunch, Bartholomew goes to By George to get some food and meet up with his friends on campus. Ashil Shao",https://storage.googleapis.com/padlet-uploads-usc1/5224575061/f9d856137023a230d2abe606a0240572/1000005726.jpg?Expires=1772732569&GoogleAccessId=778043051564-q79bsd8mc40b0bl82ikkrtc3jdofe4dg%40developer.gserviceaccount.com&Signature=wYkOZwuKaaeenTvp1Y%2BpJDJVQ0p3yeWpNTvdOmC%2FQmgAcS7Q2eiw4i6oU9mAeU8tsXrgLy9uKzuo61VrGP%2BNtIiAfXBbYwnMK9%2BWNV8cnbTkZkMhpbxa9iWszSySbgA9sy2QIOHJ7afaAuRk0O24CDqA8UEq%2BWTkKlrHuQRRsH8%3D&original-url=https%3A%2F%2Fpadlet-uploads-usc1.storage.googleapis.com%2F5224575061%2Ff9d856137023a230d2abe606a0240572%2F1000005726.jpg,,"(47.65607716781311, -122.31029737979138)",47.65607716781311,-122.3102974,White,Groovy Piranha,"Feb 25, 2026 01:18am","Feb 25, 2026 01:18am",0,No comments,0,Food,Café
40,"Portage Bay Reach, Seattle, WA 98105美国","Group ""Alex"" #4
Happy Story: I often go to “Portage Bay Reach” to sit or watch the sunset. I can feel the breeze and enjoy some alone time. It's quiet and relaxing, allowing me to calm down and communicate with myself.
Yijia Liu
",https://storage.googleapis.com/padlet-uploads-usc1/5224491857/7ee27e6f732ad9c78246330391a98c2f/IMG_3215.JPG?Expires=1772732569&GoogleAccessId=778043051564-q79bsd8mc40b0bl82ikkrtc3jdofe4dg%40developer.gserviceaccount.com&Signature=PgvQ6U9rkJ0hHPrzX2pgohVLCndZND0o%2BsLwUpP5r1IeFZ8zTF9GoOgC1og3cjgKeHmXV1TYdOYLsd6h4dW8PDbpq7VeR40lLKZv5kChC1hCu07BeSSzTWBeI1ji%2B0yWea7yih5kPvEoEvhXvroI72YQIEoBspSutWFt0wEvtN0%3D&original-url=https%3A%2F%2Fpadlet-uploads-usc1.storage.googleapis.com%2F5224491857%2F7ee27e6f732ad9c78246330391a98c2f%2FIMG_3215.JPG,,"Fisheries Teaching and Research Building (FTR), Seattle, WA 98105美国",47.65210655491758,-122.316372,Blue,Yijia Liu,"Feb 25, 2026 01:03am","Feb 25, 2026 01:03am",0,No comments,0,School,Scenic
41,"UW Wetlands, Walla Walla Rd NE, Seattle, WA 98105, USA","Ford Prefect

Ford enjoys the Union Bay Natural Area because it is a diverse outdoor space. Currently there are a lot of water fowl in the area. Ford watched the mallards, mergansers, and buffleheads and added their behaviors to his guide. 

Lyle Donovan",https://storage.googleapis.com/padlet-uploads-usc1/5224488846/7b489a52f52f854177586272c168f064/Ford_at_UBNA.JPG?Expires=1772732569&GoogleAccessId=778043051564-q79bsd8mc40b0bl82ikkrtc3jdofe4dg%40developer.gserviceaccount.com&Signature=Ra2JX0HU%2BSajCGHf%2F83Tj7z7CuD93hUAk23td%2FnygcETeYnW3Goo8n0VQkZwfNNVdPECzDft%2FMKL6Z%2BbzrMXma%2Fpy6TeivhuXZbtzKc0thIuyskMKEW5Zau%2BisBfUwWYzaPbjqPsZZklQZRpPiJEixnkHEIqU8fdr3NvlGjPSZU%3D&original-url=https%3A%2F%2Fpadlet-uploads-usc1.storage.googleapis.com%2F5224488846%2F7b489a52f52f854177586272c168f064%2FFord_at_UBNA.JPG,,"UW Wetlands, Walla Walla Rd NE, Seattle, WA 98105, USA",47.65580426432163,-122.2961065,White,Lyle Donovan,"Feb 25, 2026 01:03am","Feb 25, 2026 01:03am",0,No comments,0,Recreation,Park
42,"Kong Tofu House, Northeast 42nd Street, Seattle, WA","Violet Reborn Jr. woke up at 12pm excited to meet up with her friend, so excited that she's been dreaming about this day even nights before. But her dear friend had abandoned her on this very important day. Determined to have a good day, Violet was still able to enjoy a nice warm tofu meal alone.


Group: Violet Reborn Jr. 
Lindsay Nguyen

",https://storage.googleapis.com/padlet-uploads-usc1/5224502271/235b6278aa81590c5b7cd42a5f1b5d8e/image.png?Expires=1772732569&GoogleAccessId=778043051564-q79bsd8mc40b0bl82ikkrtc3jdofe4dg%40developer.gserviceaccount.com&Signature=ISYD%2BIuh1srERK3VyI7B3dNgimuMtPDYexOnmrYqiRUDhvH%2B4zBDu0cWPWRpOa5rqvSm8GwE9iTtLwiv%2B%2Bxl2coAB%2FC5UvZKBJWNlotvnnJe89uhwWI6FdSe9y5qcOhUBt0fJa%2BCyZs%2BBGMwwIgvPS9125xcY5i%2FLm%2FG8JNo0J8%3D&original-url=https%3A%2F%2Fpadlet-uploads-usc1.storage.googleapis.com%2F5224502271%2F235b6278aa81590c5b7cd42a5f1b5d8e%2Fimage.png,Violet Reborn Jr.,"Kong Tofu House, Northeast 42nd Street, Seattle, WA",47.6584076,-122.3123343,Yellow,Grateful Gecko,"Feb 25, 2026 01:01am","Feb 25, 2026 01:01am",0,No comments,3,Food,Restaurant
43,"3924 Montlake Blvd NE, Seattle, WA 98195, USA","Group 'Bobby' #4
After a long day of classes, Bobby decides to go to the IMA to clear his head. Bobby enjoys hooping to take his mind of everything else and spend time with the friends he's made through the welcoming community of the IMA.

Emmanual T.",https://storage.googleapis.com/padlet-uploads-usc1/5224407843/b75e79bf23814feeab6172f7f6c6310b/79365511404__33A5AAC0_76FF_4806_A6E2_1EAFA1511211.jpg?Expires=1772732569&GoogleAccessId=778043051564-q79bsd8mc40b0bl82ikkrtc3jdofe4dg%40developer.gserviceaccount.com&Signature=y3EbNYsyx9dBu3bK2r4XkgfTjzbNiyJqkYQc29IiBiQE31xDfTlHNSECccSTzGqTRJR2P%2FFxMvvP1YrsFyVXAiSv%2F%2FK5asmfKj5Um7%2BgywR5NwwpG%2B2wCMmIMKOq3KnPpkM0t%2FrYWUopcaJqBcez4EN0RZ4ZQxH%2Bqs5jUgwbMuo%3D&original-url=https%3A%2F%2Fpadlet-uploads-usc1.storage.googleapis.com%2F5224407843%2Fb75e79bf23814feeab6172f7f6c6310b%2F79365511404__33A5AAC0_76FF_4806_A6E2_1EAFA1511211.jpg,Outside of UW Intermural Activities Building,"3924 Montlake Blvd NE, Seattle, WA 98195, USA",47.65350597681234,-122.3015567,White,emtadess1,"Feb 25, 2026 12:54am","Feb 25, 2026 12:55am",0,No comments,0,Recreation,Gym
44,"7312 West Green Lake Dr N, Seattle, WA 98103, United States","Even though it was a bit farther away, Meymoon wanted to make one more stop before heading home, somewhere that felt grounding. So they headed to Green Lake. On the west side near the theater, Meymoon finds a bench facing the water. They sit and enjoy the sounds of the lake and the quiet conversations of people passing by. After a few quiet minutes to reset and reflect on the day, they feel ready to finish the day.


Shayla Guieb",https://storage.googleapis.com/padlet-uploads-usc1/5224141765/abdf21093d5c05c3a0c5fbb843d3f98d/IMG_2930.jpg?Expires=1772732569&GoogleAccessId=778043051564-q79bsd8mc40b0bl82ikkrtc3jdofe4dg%40developer.gserviceaccount.com&Signature=GkRzlDfS9h1EB3nA8y5ieHy%2FAAxZA8%2BXL75py9MTrofqRywWugWsbTuki%2BvyagaFfn3YVNQpHNCjVmMzS1EXrhMFZp14qPK%2FfeAZfc1cXe2RbsfemQLVQQ88r7sFKBcIdH%2Fhwue8pyfJN2%2BCariJ%2BFcMHZNd1hp7lqzF8J6IxmQ%3D&original-url=https%3A%2F%2Fpadlet-uploads-usc1.storage.googleapis.com%2F5224141765%2Fabdf21093d5c05c3a0c5fbb843d3f98d%2FIMG_2930.jpg,Meymoon at Green Lake,"7312 West Green Lake Dr N, Seattle, WA 98103, United States",47.682113199999996,-122.3398126,White,Shayla Guieb,"Feb 25, 2026 12:06am","Feb 25, 2026 12:07am",0,No comments,0,Recreation,Park
45,"1118 NE 47th St, Seattle, WA 98105美国","Group ""Bartholomew"" # 1
In the morning, I like to come here and get a cup of coffee. Getting started on the day!
Jiaxuan Su",https://storage.googleapis.com/padlet-uploads-usc1/5223522053/49b91bc32799d176b3bbbd6015645136/Bartholomew.jpg?Expires=1772732569&GoogleAccessId=778043051564-q79bsd8mc40b0bl82ikkrtc3jdofe4dg%40developer.gserviceaccount.com&Signature=NQYbqNnI8t1eB4AX7NksIfukrMl%2BUFTIZGfaOOvyH8q5PUKMtbgnVTls9CnJyFkYWOQheW6frhFmlDpWk9PyoZzHIwUcqhgVvVnRTZ3DftP1uN9OaYMUqpVQvCS5kPE3n8IVaAK0CiyivZtinSildZIdair%2FL2zbtrdciylVpDw%3D&original-url=https%3A%2F%2Fpadlet-uploads-usc1.storage.googleapis.com%2F5223522053%2F49b91bc32799d176b3bbbd6015645136%2FBartholomew.jpg,,"1118 NE 47th St, Seattle, WA 98105美国",47.66318851545781,-122.3156077,Yellow,Jiaxuan Su,"Feb 25, 2026 12:05am","Feb 25, 2026 12:05am",0,No comments,0,Dwelling,Apartment
46,"Mox Boarding House, Northeast Bel Red Road, Bellevue, WA","Group: Ford Prefect 4
I like to come here for the excellent food options, beers on tap, and to play games with friends. Parking is hard to find, but its always worth the struggle. ",https://storage.googleapis.com/padlet-uploads-usc1/1823576638/ee19095b5d36c9290ba23fa02bcd0a1b/1000003006.jpg?Expires=1772732569&GoogleAccessId=778043051564-q79bsd8mc40b0bl82ikkrtc3jdofe4dg%40developer.gserviceaccount.com&Signature=UZdNFZvI8DZDSwiFnx78g90BQd2dRqcUZCIh8SUaNOTvNNroqzqVajQZ%2BK9uBvhDvuN7tfTRPiJA768pWdNW9UDQbiIiSeF%2F2P7gqjGAz6VagKgL4eIIu4beULo1xCQy1BgEzTDDx146xLweKsiDeLTMAsOU5lWeJSfGH5fIHnc%3D&original-url=https%3A%2F%2Fpadlet-uploads-usc1.storage.googleapis.com%2F1823576638%2Fee19095b5d36c9290ba23fa02bcd0a1b%2F1000003006.jpg,,"Mox Boarding House, Northeast Bel Red Road, Bellevue, WA",47.62273460000001,-122.1625911,White,macklinfarrell,"Feb 24, 2026 11:40pm","Feb 24, 2026 11:40pm",0,No comments,1,Food,Games
47,UW IMA ,"Group 'Mina', #3
After attending her afternoon classes, Mina likes to go to the ➂ UW IMA to work out and take her mind off of schoolwork.
Emma Turnbull",https://storage.googleapis.com/padlet-uploads-usc1/5224118210/71f07554069bafc0ebcecc02dd5d4814/IMG_0823.jpg?Expires=1772732569&GoogleAccessId=778043051564-q79bsd8mc40b0bl82ikkrtc3jdofe4dg%40developer.gserviceaccount.com&Signature=3VIHXTbMYDmUDb6iyqe9ST5tTUAIm6UBbUPce9XwQe7JLudzeQ8X7hUtEnFcL077fHQ%2BSornnWSYnzdcuDrnaQP2OqbLbdoRdvatrwA4fpVqaSqZANRZ5ITEbpg22lQyNmQHRuLXJtRS9qxGMfs9KlOwxNHiScHzLafeDpKzNRk%3D&original-url=https%3A%2F%2Fpadlet-uploads-usc1.storage.googleapis.com%2F5224118210%2F71f07554069bafc0ebcecc02dd5d4814%2FIMG_0823.jpg,,"3924 Montlake Blvd NE, Seattle, WA 98195, USA",47.653571159712044,-122.3018324,White,Emma,"Feb 24, 2026 11:09pm","Feb 24, 2026 11:09pm",0,No comments,0,Recreation,Gym
48,"Eureka!, Northeast 46th Street, Seattle, WA",,https://storage.googleapis.com/padlet-uploads-usc1/5224134564/9396e83ec58b8fb74a1ce8e61fb96624/IMG_7805.jpg?Expires=1772732569&GoogleAccessId=778043051564-q79bsd8mc40b0bl82ikkrtc3jdofe4dg%40developer.gserviceaccount.com&Signature=C58gS2fHK1KwSuk2Z7EdbONgAj9EYTxPnLAIL4n7C5V4hHITiGx7qhMwsl9esHCLWztj6s%2F%2BDtSLX%2BP3LJfE4yVxCZolTE0%2BspuvwP335mCyjTee0o%2FKA0t0FZywW8xcS%2BNSe70L5r0DGQIjFQjF8ENkQyXnb8oMN5M5yLxuJGo%3D&original-url=https%3A%2F%2Fpadlet-uploads-usc1.storage.googleapis.com%2F5224134564%2F9396e83ec58b8fb74a1ce8e61fb96624%2FIMG_7805.jpg,,"Eureka!, Northeast 46th Street, Seattle, WA",47.6619252,-122.2990801,White,Grace Dao,"Feb 24, 2026 11:06pm","Feb 24, 2026 11:06pm",0,No comments,0,Food,Restaurant
49,"Sylvan Grove Theater and Columns, West Stevens Way Northeast, Seattle, WA","Group 'Roger', #5
Between classes Roger meets up with his friend David before winding down for the day and they go to Sylvan Grove to read together and reminisce on the past few months of school and how it's all going by so fast.
Chris Miller",https://storage.googleapis.com/padlet-uploads-usc1/5224020730/0289f91a3649b93484a58273c43a7aad/IMG_1703.JPEG?Expires=1772732569&GoogleAccessId=778043051564-q79bsd8mc40b0bl82ikkrtc3jdofe4dg%40developer.gserviceaccount.com&Signature=TswL%2FcG9Cu97fug3kZ6jw8SLoNT6P5zMUK7698cw5UfUkVBUV%2FDMVkvEaWmu5zANBcFQAxEnZPdDkJy9fqwgorvi1RnEJ%2F9i7z8p7xntuakwnRvJ%2F8LMLsnO80r1kSLPJ6LOlR13cGirI8GVuaImO9hU7Z5TFzQTUIIyDeYVImU%3D&original-url=https%3A%2F%2Fpadlet-uploads-usc1.storage.googleapis.com%2F5224020730%2F0289f91a3649b93484a58273c43a7aad%2FIMG_1703.JPEG,Group 'Roger' #5,"Sylvan Grove Theater and Columns, West Stevens Way Northeast, Seattle, WA",47.652746099999995,-122.3063108,White,Chris Miller,"Feb 24, 2026 10:30pm","Feb 24, 2026 10:30pm",0,No comments,1,School,Lawn
50,"Husky Union Bldg (HUB), East Stevens Way Northeast, Seattle, WA","Group 'Mina', #5
After a long day of classes and walking her dog, Mina finishes her night at the UW Hub Pool Hall. She plays with her friends in the lit room where the quiet but alive atmosphere helps her take a pause and de-stress from school. 
Nancy Nguyen",https://storage.googleapis.com/padlet-uploads-usc1/5223973574/5cceb4d0e1a66210ca78a306bad297bf/IMG_6645.jpg?Expires=1772732569&GoogleAccessId=778043051564-q79bsd8mc40b0bl82ikkrtc3jdofe4dg%40developer.gserviceaccount.com&Signature=PjVCOIP8kmTnH%2Bn9PGEBDfGxA6%2FxIBdpWzRgVl7YRkuBKdRafXYLIXGcSxks6P4%2BID2njad2s5Qw%2B7uRjL6Lidj5pZBjduIkrLm9og9PdK8FE%2B8iCb2kxW3d%2BmSyKQnnKDAvDcwKYZh9clmpZaM0TN9Mj%2FvMIEfAgzcqkIS5Vh8%3D&original-url=https%3A%2F%2Fpadlet-uploads-usc1.storage.googleapis.com%2F5223973574%2F5cceb4d0e1a66210ca78a306bad297bf%2FIMG_6645.jpg,,"Husky Union Bldg (HUB), East Stevens Way Northeast, Seattle, WA",47.655389299999996,-122.3050844,White,Nancy Nguyen,"Feb 24, 2026 10:17pm","Feb 24, 2026 10:17pm",0,No comments,0,School,Multipurpose
51,"The Hans Rosling Center for Population Health, 15th Avenue Northeast, Seattle, WA","Roger goes to class at the Han's Rosling Building after going to the gym and passing by the Burke Museum by entering through the north entrance. But before he goes to class he takes a seat and decompresses from all that he did by taking a seat in the outdoor seating area and admires the scenery of nature and as at peace with himself listening to music. 

Katherine Escoto Licona",https://storage.googleapis.com/padlet-uploads-usc1/5223903716/6821c7e7d1c18f70e8296e66bc9072f6/happyplace.jpg?Expires=1772732569&GoogleAccessId=778043051564-q79bsd8mc40b0bl82ikkrtc3jdofe4dg%40developer.gserviceaccount.com&Signature=2aq6GX92WtfjqTtPf%2B0Zcbn5LPvQRO0GCqryok0wXjCooTX%2BoJqBNtHUSJ09YEvIIpu7C0K8n5cKVBRCB0EScEQlOLC5orX1e9e1iXWujp6wE303ni5KX4r5R6sQINEBNR4A7KiJz%2Fs1OOIoEdzKI%2BmFj%2BthztwUY2HSbKqnfv8%3D&original-url=https%3A%2F%2Fpadlet-uploads-usc1.storage.googleapis.com%2F5223903716%2F6821c7e7d1c18f70e8296e66bc9072f6%2Fhappyplace.jpg,Group: 'Roger' # 3,"The Hans Rosling Center for Population Health, 15th Avenue Northeast, Seattle, WA",47.6545163,-122.3117026,White,Katherine Nicolle Escoto Licona (knel2_1),"Feb 24, 2026 10:13pm","Feb 24, 2026 10:15pm",0,No comments,1,School,Classroom
52,"Sweet Alchemy Ice Creamery, University Way Northeast, Seattle, WA","Group: Violet Reborn Jr.
#4

At the end of the day, Violet Reborn Jr. goes back to the university district and has ice cream alone. Hmmmm Yummy!!! She doesn’t care about her friend anymore now.

Paisley Wu",https://storage.googleapis.com/padlet-uploads-usc1/5223940085/985818012b1e0e2b58977d492e1e7390/happyPLace.png?Expires=1772732569&GoogleAccessId=778043051564-q79bsd8mc40b0bl82ikkrtc3jdofe4dg%40developer.gserviceaccount.com&Signature=sDeBkCYPBy2j5u2mMlxynm7ghWP21zoodNqSi599w0yq1Gk3vY5US2XjsD4RjTGpx4OUL%2FVGYaZcm5O%2F25EnAKjUtsJpcaKFq7ADH59yucccTftAMDnAVyAAwMKT%2Bf09gLphV5hqzN9Yu8U%2FtKHmk0igohO46L3HNytKdhSMvxY%3D&original-url=https%3A%2F%2Fpadlet-uploads-usc1.storage.googleapis.com%2F5223940085%2F985818012b1e0e2b58977d492e1e7390%2FhappyPLace.png,,"Sweet Alchemy Ice Creamery, University Way Northeast, Seattle, WA",47.659916599999995,-122.3133762,Purple,yuewew2,"Feb 24, 2026 10:09pm","Feb 24, 2026 10:09pm",0,No comments,1,Food,Snack
53,"Graduate by Hilton Seattle, Brooklyn Avenue Northeast, Seattle, WA","I would hang out with friends looking out at the view. Having good chats/ discussions with friends. Worked on a hackathon.

Vikram Puri",,,"Graduate by Hilton Seattle, Brooklyn Avenue Northeast, Seattle, WA",47.6615944,-122.3145675,White,Vikram Puri,"Feb 24, 2026 10:05pm","Feb 24, 2026 10:05pm",0,No comments,0,Dwelling,Hotel
54,Denny Field,"Billy Bob #4
Billy Bob visiting Denny Field to play Spikeball with his friends on a beautiful day.
Aaron Jacowitz",https://storage.googleapis.com/padlet-uploads-usc1/5223939178/2aabcec663c0acf17cae86318ac7f6ab/IMG_7600.JPG?Expires=1772732569&GoogleAccessId=778043051564-q79bsd8mc40b0bl82ikkrtc3jdofe4dg%40developer.gserviceaccount.com&Signature=bgSLBlGmMGkUCxbSCTeexs1twZn5iJPyuWEDtvm053CKZZxWn%2BznWK3ANFnMwy3T0nvz9LUYr6xceD01hY3chZDhgns0zpCEgG8VXdhoD3%2BwS86qJocSBmCO1RMtyprdTkED9DUDQuxFNyqBYfCTOYgmoC5bJbEesw2AdXVldrQ%3D&original-url=https%3A%2F%2Fpadlet-uploads-usc1.storage.googleapis.com%2F5223939178%2F2aabcec663c0acf17cae86318ac7f6ab%2FIMG_7600.JPG,,"University of Washington, Seattle, WA, USA",47.65924734156281,-122.3054359,White,Aaron J,"Feb 24, 2026 10:05pm","Feb 24, 2026 10:05pm",0,No comments,0,School,Lawn
55,"Intramural Activities Building (IMA), Montlake Boulevard Northeast, Seattle, WA","Group 'Charlie' #2

After eating with Charlie's friend, in order to maintain personal wellness since student life is quite sedentary, Charlie heads to the IMA to get active after completing a satisfying amount of work. They begin their workout with a light leg day, since they intend on taking a walk outside later. To wake themselves up, Charlie plays some happy music and finishes their sets efficiently.

Kristy Dang",https://storage.googleapis.com/padlet-uploads-usc1/5223933771/457049047d30cdca14bd58420913ff1a/imaballoon.jpg?Expires=1772732569&GoogleAccessId=778043051564-q79bsd8mc40b0bl82ikkrtc3jdofe4dg%40developer.gserviceaccount.com&Signature=Oi745GW7zuIB8DRtkxxwAEia%2BxrIkJqwPfx9%2FPiuo3ziKpDqXzMSx9ABoWzAnUt3DGAOS%2BtG1D4FxUKCwon5w4l9WjWta9APoZGFyqP%2BdTLfptv1J44eq4d3uh%2B4KvqDhrcCjMGeX5vqB6MGWvbiZ2f1XtonQkWF8QTLsQ2HqFI%3D&original-url=https%3A%2F%2Fpadlet-uploads-usc1.storage.googleapis.com%2F5223933771%2F457049047d30cdca14bd58420913ff1a%2Fimaballoon.jpg,,"Intramural Activities Building (IMA), Montlake Boulevard Northeast, Seattle, WA",47.6535921,-122.3015799,Blue,Kristy Dang,"Feb 24, 2026 10:05pm","Feb 24, 2026 10:05pm",0,No comments,0,Recreation,Gym
56,"Round1 Bowling & Arcade Westfield Southcenter, Southcenter Mall, Tukwila, WA","Group ""Alex"",#5
Happy Story: In the evening, after finishing all the things, Alex has the time to go to Round One and play bowling with friends. He feels relaxed and happy after a busy day. The sound of laughter and bowling pins makes the atmosphere fun and lively. While playing, he chats with his friends and enjoys the friendly competition. Even though it is just a simple activity, it helps him relieve stress and end the day in a good mood.
Dajun Liu",https://storage.googleapis.com/padlet-uploads-usc1/5223876153/d87b24332c2742f514541b8fa3c200f7/8CF13A87_9599_48D7_917D_131549DDF28D.webp?Expires=1772732569&GoogleAccessId=778043051564-q79bsd8mc40b0bl82ikkrtc3jdofe4dg%40developer.gserviceaccount.com&Signature=bvc1DzB%2F8Q4SCCm9TySNEQFRJ0llCQ2RPU7WBpuWXwzj0%2B2zzXoi%2F9dyGX%2F0elAk2Q4%2FvftOjw%2FEwGbNdfSMHZVXoxeeBeN4GrJFpXR4Ta8VbPotgGBhqsEoslletZnt5GoK73N9%2BY4PysU%2B09hhA3Do1dWcsY2SiSChnqlAhjo%3D&original-url=https%3A%2F%2Fpadlet-uploads-usc1.storage.googleapis.com%2F5223876153%2Fd87b24332c2742f514541b8fa3c200f7%2F8CF13A87_9599_48D7_917D_131549DDF28D.webp,,"2351 Southcenter Mall, Tukwila, WA 98188",47.4595323,-122.2563321,White,Dajun,"Feb 24, 2026 10:02pm","Feb 24, 2026 10:03pm",0,No comments,1,Recreation,Games
57,"Area 01 Community Center, Northeast Campus Parkway, Seattle, WA"," Group :Billy Bob, 6
Billy Bob likes visiting here .  It’s an area where you can relax and play games like pool or table tennis. He  likes going there to de stress and to play at the end of the day. It’s also comfortable to just relax.",https://storage.googleapis.com/padlet-uploads-usc1/5223569231/a91993b51e66be5576c4d52cc184b6c6/geog_450_baloon.jpg?Expires=1772732569&GoogleAccessId=778043051564-q79bsd8mc40b0bl82ikkrtc3jdofe4dg%40developer.gserviceaccount.com&Signature=XeqGngeRIqXS%2Fu8ywXlqdfD2SALnHtSnso1TtX4Iz78FBcia%2Fro8xhm%2FSeD6ojhsr%2FrgyeL56Uon8DroriccDZREMAUi9uq5qcDOUpuSSdbVp2m%2Bkra3Zly68tSYraiECSglPfkqzvjEIAuZDFfLeVIHyemkT7NeCr4yYuPt91o%3D&original-url=https%3A%2F%2Fpadlet-uploads-usc1.storage.googleapis.com%2F5223569231%2Fa91993b51e66be5576c4d52cc184b6c6%2Fgeog_450_baloon.jpg,,"Area 01 Community Center, Northeast Campus Parkway, Seattle, WA",47.655910899999995,-122.3163335,White,Rishi Victor (rishiv2_1),"Feb 24, 2026 09:59pm","Feb 24, 2026 09:59pm",0,No comments,0,School,Multipurpose
58,"The Quad - University of Washington, Pierce Lane, Seattle, WA","Group ""Bartholomew James III Jr."" #2

After morning classes, Bartholomew takes a breather at one of the benches at The Quad while listening to music.

Tyler Luong
",https://storage.googleapis.com/padlet-uploads-usc1/5223912786/9b0a8a003b408c03faef76dbb954ac07/IMG_2850.jpeg?Expires=1772732569&GoogleAccessId=778043051564-q79bsd8mc40b0bl82ikkrtc3jdofe4dg%40developer.gserviceaccount.com&Signature=Z%2FZggr%2F9hr%2F9i7GeskfKTbSAXRfwvjgP0Lto7AqWespfpWcJuT%2FxqcHm3NC7QuXvgNfT%2Bm4SxoUOOD43C%2BBj48hv389VnPIYQqyX2nT0qgh1oZpbpDfxOfPpXO09LtKFu5lQx7PXLkks71nPM1jKryum3eWe%2FbWAL2kd0k4BNio%3D&original-url=https%3A%2F%2Fpadlet-uploads-usc1.storage.googleapis.com%2F5223912786%2F9b0a8a003b408c03faef76dbb954ac07%2FIMG_2850.jpeg,,"The Quad - University of Washington, Pierce Lane, Seattle, WA",47.657263099999994,-122.3071972,White,Tyler Luong,"Feb 24, 2026 09:58pm","Feb 24, 2026 09:59pm",0,No comments,0,School,Lawn
59,"Bellevue Square, Bellevue Square, Bellevue, WA","Group member: Tyler Luong, Naama Al-Musawi, Jiaxuan Su, Ashil Shao, Martin Yuan
Group Character: Bartholomew James III Jr.
Storyline 5
Happy story: I usually use my spare time to walk there and visit the small business near next to the Bellevue square. Inside Bellevue square, I usually buy my daily necessities or have some ramen. I love it because it is convenient for me since it’s just near to my apartment.


Name: Martin Yuan

",https://storage.googleapis.com/padlet-uploads-usc1/5223911508/9c39a8b5744cf14f2c28275113cb39cb/IMG_2325.jpeg?Expires=1772732569&GoogleAccessId=778043051564-q79bsd8mc40b0bl82ikkrtc3jdofe4dg%40developer.gserviceaccount.com&Signature=RzXy3YhJ%2BSpMZmrrZBjqyX17KsqGd3YT1r06qpfzkr6oeRXqauTI%2BfaxbEhErJZZuRnF8MsAJ49BkBTs0DEbHBPIFXLGfAlwt2oumpw209VJbFmjZdlH9AKkyOVFu7LzRmQzIwCBthDbNBpvv7lRx9vivL%2F8GECz1zan7mUlmkc%3D&original-url=https%3A%2F%2Fpadlet-uploads-usc1.storage.googleapis.com%2F5223911508%2F9c39a8b5744cf14f2c28275113cb39cb%2FIMG_2325.jpeg,,"Bellevue Square, Bellevue Square, Bellevue, WA",47.6157647,-122.203721,White,Martin Yuan,"Feb 24, 2026 09:57pm","Feb 24, 2026 09:58pm",0,No comments,0,Recreation,Multipurpose
60,"Burke Museum of Natural History and Culture, Memorial Way Northeast, Seattle, WA","Group: 'Roger' # 2

Roger walks through the UW north entrance after working out at the gym. He passes by the Burke Museum on the right as he makes his way to class. He likes the view of of University Avenue and the peaceful nature of Memorial Way.

Johann Ravindranathan",https://storage.googleapis.com/padlet-uploads-usc1/5223817446/e47d1cd9c1ce7af8a527341826f76aa1/PXL_20260224_1.jpg?Expires=1772732569&GoogleAccessId=778043051564-q79bsd8mc40b0bl82ikkrtc3jdofe4dg%40developer.gserviceaccount.com&Signature=42NXDuM7oTYYJlpCoSWm6LmAnmGVaMbJfgTG50eLg71SddzwIrPYAo9pMhJYGxegbNYxcjahA8ofNxtlD0Jev6JgSForpTpkfZaQahD1VS19f6pPge9vLDTc3pyK%2Fp3DCm6S4bZ59EJzDCSkBlfnSKCDSMJadVu%2BYUExvghNYcE%3D&original-url=https%3A%2F%2Fpadlet-uploads-usc1.storage.googleapis.com%2F5223817446%2Fe47d1cd9c1ce7af8a527341826f76aa1%2FPXL_20260224_1.jpg,,"Burke Museum of Natural History and Culture, Memorial Way Northeast, Seattle, WA",47.660614699999996,-122.3115987,Red,Johann R,"Feb 24, 2026 09:40pm","Feb 24, 2026 09:40pm",0,No comments,1,Recreation,Museum
61,"4201 University Wy NE, Seattle, WA 98105, USA","Group 'Alex', #1 
Happy Story: In the morning, Alex wakes up early in their apartment near UW and walks to Cafe on the Ave to start the day. Alex likes coming here because it is close and convenient, and it always has fresh coffee and food. The warm smell of coffee makes Alex feel awake and ready. Alex enjoys sitting there for a few minutes, eating and relaxing before heading out. This simple routine makes Alex feel comfortable and happy before a busy day.
Kenneth Ha",https://storage.googleapis.com/padlet-uploads-usc1/5223821082/3c335e83c63db30cc5d8b6b7bb4b9c92/IMG_0471.jpg?Expires=1772732569&GoogleAccessId=778043051564-q79bsd8mc40b0bl82ikkrtc3jdofe4dg%40developer.gserviceaccount.com&Signature=PR65KnYWNeo1qTq6SfzjY38LmFTPgqDeZm7TvZDRWmz5kHCGJlfE3RssnJs4zom1AiPN4RJWusqedPMp3lhE2Ev%2FJK5QUkZpwS4seM5s28U5TqtevsKg5yZuX8DKFXsZtmec0wUZwrwiWpJpdMCUxl7OdwDTzJzIZUTlSR%2FE%2Bws%3D&original-url=https%3A%2F%2Fpadlet-uploads-usc1.storage.googleapis.com%2F5223821082%2F3c335e83c63db30cc5d8b6b7bb4b9c92%2FIMG_0471.jpg,,"4201 University Wy NE, Seattle, WA 98105, USA",47.65849940673532,-122.3134473,White,Kenneth Ha,"Feb 24, 2026 09:28pm","Feb 24, 2026 09:28pm",0,No comments,0,Food,Café
62,University of Washington Intramural Activities Building (IMA),"Group 'Meymoon' #2 
They finish the last bit of their essay, copying and pasting sources and adding a title then they are off to the IMA, After being done with morning studies, Meymoon heads to the IMA. Meymoon's happy place is the IMA. It helps to relieve the mental load of the morning. They notice the opportunity to achieve personal bests at this place and to objectively better their health. They also multitask here and work on whatever needs a touch-up, while jamming to music.

Oscar Daniel Castillo",https://storage.googleapis.com/padlet-uploads-usc1/5218605015/b580eb9fcb8ca1a06a7daadafea62529/IMG_8945.jpg?Expires=1772732569&GoogleAccessId=778043051564-q79bsd8mc40b0bl82ikkrtc3jdofe4dg%40developer.gserviceaccount.com&Signature=ogpEpcOYSvicHB%2FnW6FWoMX7GoA2%2F%2FmfpTyZyxSmwhSIDwDba2CFZedcfxDaBBO7mSQAtDbSu0XOgP15PRDVfTFoyDOpJVYMCdozbGygLgZoLr1kC6nXHa04PuboynD4N1dgXQi8Bswg%2FgMhxzGL5ERAcG9%2F1F2dNOw29Lg7900%3D&original-url=https%3A%2F%2Fpadlet-uploads-usc1.storage.googleapis.com%2F5218605015%2Fb580eb9fcb8ca1a06a7daadafea62529%2FIMG_8945.jpg,Meymoon Purplebob at the IMA. (with a big grin on their face I might add.),"Intramural Activities Building (IMA), Montlake Boulevard Northeast, Seattle, WA",47.6535921,-122.3015799,Purple,Oscar Daniel Castillo (ocasti),"Feb 24, 2026 09:22pm","Feb 24, 2026 09:22pm",0,No comments,0,Recreation,Gym
63,"3821-3891 Beacon Ave S, Seattle, WA 98108, USA","Group: ""Bob the Builder"" 
Bob The Builder starts his Friday morning off waking up in his beautiful home next to Jefferson Park in Beacon Hill. Once he's dressed and ready for his day, he takes his dog on a walk through Jefferson Park.",https://storage.googleapis.com/padlet-uploads-usc1/5223447108/a07d4b6e76e9be4b773a2662de76777a/IMG_0367.jpeg?Expires=1772732569&GoogleAccessId=778043051564-q79bsd8mc40b0bl82ikkrtc3jdofe4dg%40developer.gserviceaccount.com&Signature=tmT8ZwTSHH4edqYLSB6b4AOZ%2BpLNn6feldEU8usKwnBZgzxpFxr13Ko6n7psKRHEeaQHfsyAPf5fPZ3ARI3Ev3QjDqirHPYTZiJoqDS3BT0Knaok5z174SAxOleYIEfDoblIlJ3PJ4NyUffqCc8nPa9Ps6flr7SXbDCe%2BkfdZcI%3D&original-url=https%3A%2F%2Fpadlet-uploads-usc1.storage.googleapis.com%2F5223447108%2Fa07d4b6e76e9be4b773a2662de76777a%2FIMG_0367.jpeg,,"3821-3891 Beacon Ave S, Seattle, WA 98108, USA",47.56907305534935,-122.3079046,White,Martin Le,"Feb 24, 2026 08:59pm","Feb 24, 2026 08:59pm",0,No comments,0,Recreation,Park
64,"FRAM, Fairview Avenue East, Seattle, WA","Ford Prefect: Order #6
After a long day of research, Ford wants to apply his findings to an early evening trivia session at FRAM coffee house. (Jaeden Cox Arnsdorf)",https://storage.googleapis.com/padlet-uploads-usc1/5223668199/779df1b0b8bfcf2a7d732aa8e240b13f/IMG_6954.JPG?Expires=1772732569&GoogleAccessId=778043051564-q79bsd8mc40b0bl82ikkrtc3jdofe4dg%40developer.gserviceaccount.com&Signature=BbdusIDowoIFZotCkZ1wpZliT6%2Br5H5dWedKNjde5n5nNBuMONvtkU4F5jRP9sJNOaQR2ZL5pl%2Fo4Tzs8XfBKwJSz1w%2BsUYMAvKvErNpZbQ%2FxnR70I2st%2Fq9AUBT7nFX1vcrTPeeBmxxCDP%2FPdtOaLkXqD%2FflEc8D%2FHGqMhZEHo%3D&original-url=https%3A%2F%2Fpadlet-uploads-usc1.storage.googleapis.com%2F5223668199%2F779df1b0b8bfcf2a7d732aa8e240b13f%2FIMG_6954.JPG,,"FRAM, Fairview Avenue East, Seattle, WA",47.6489717,-122.3243509,White,Jaeden Cox Arnsdorf,"Feb 24, 2026 08:44pm","Feb 24, 2026 08:44pm",1,View comments,1,Food,Café
65,"Husky Union Bldg (HUB), UW Campus, East Stevens Way Northeast, Seattle, WA","Billy Bob occasionally visits the Hub to play some games on the Xbox or Nintendo with a few of his friends. His most favorite or frequent game to play is Mario Kart 8 and Naruto Ultimate Ninja Storm 4.

Farhan Hassan",https://storage.googleapis.com/padlet-uploads-usc1/5223536703/69eaf73b9858d9c1ca7eafd89af6046d/IMG_5493.JPG?Expires=1772732569&GoogleAccessId=778043051564-q79bsd8mc40b0bl82ikkrtc3jdofe4dg%40developer.gserviceaccount.com&Signature=cysUxxh9eprl7%2Bviq4vrk5HGha6njK0KMbnALutaOtAkYpWOTNSH91xzq4%2BpxGkme%2Ba%2Bz4mP3psmFWTfnVP%2Fvdi6T%2F1MWrPOmfucvLR4T63wvP6nd43OUg5iCiLFCngaHyjjJ%2BQJdUfCd1uzzAHP9B2LfUfubPk5IP%2FzI9Z7geM%3D&original-url=https%3A%2F%2Fpadlet-uploads-usc1.storage.googleapis.com%2F5223536703%2F69eaf73b9858d9c1ca7eafd89af6046d%2FIMG_5493.JPG,Hub Games ,"Husky Union Bldg (HUB), UW Campus, East Stevens Way Northeast, Seattle, WA",47.655389299999996,-122.3050844,White,Farhan Sedow Hassan (farhass),"Feb 24, 2026 08:38pm","Feb 24, 2026 08:44pm",0,No comments,0,School,Multipurpose
66,"Intramural Activities Building (IMA), Montlake Boulevard Northeast, Seattle, WA","After GEOG450 lab, Ray always drives to IMA to work out or play basketball with his friends. At the end of the exercise, he always feels a clear mind and less stressful. (Ruiming Ren)",https://storage.googleapis.com/padlet-uploads-usc1/5223554701/d0d59937547f6731d9252b7565e66367/1_.jpg?Expires=1772732569&GoogleAccessId=778043051564-q79bsd8mc40b0bl82ikkrtc3jdofe4dg%40developer.gserviceaccount.com&Signature=3h%2Fm6pT3%2B18x2WVGtYBzNhY3kP1iQefeyjVR2XbaNy5orhyYZVQPKdxPPYsafWbld%2BgcGa5kKvj4Nyv2fU1RUPJJ1yVEZc1ueHC4NWINy1IFiXylImGNBEdKf1X5yLMWlD9c53DDBKWNXu8aSZhSuZjkhR7lY2nmfIxZFS1w%2FYw%3D&original-url=https%3A%2F%2Fpadlet-uploads-usc1.storage.googleapis.com%2F5223554701%2Fd0d59937547f6731d9252b7565e66367%2F1_.jpg,,"Intramural Activities Building (IMA), Montlake Boulevard Northeast, Seattle, WA",47.6535921,-122.3015799,White,ruimir,"Feb 24, 2026 08:16pm","Feb 24, 2026 08:17pm",0,No comments,0,Recreation,Gym
67,"IMA Sports Field, Seattle, WA","Around noon, Ford has scheduled a game of the most popular sport on earth at the IMA fields. He likes how active his life can be. ",https://storage.googleapis.com/padlet-uploads-usc1/5223428909/b6575868a48d4e43a48821aa21266237/IMG_8846.jpeg?Expires=1772732569&GoogleAccessId=778043051564-q79bsd8mc40b0bl82ikkrtc3jdofe4dg%40developer.gserviceaccount.com&Signature=JDaUoiPOI%2Fl8it5BHpUS%2Fb1pf5U%2BQO3owTAAtPIf%2BzxxFuQ9qDifa9d8HSDcgCeE65CYx0IYCawPHA%2Fr3ioKdevE77oagfMHuKWIZW2o7S8HFpFPVgo%2F9Exg8IhBHBg7O5%2FihF1m8Hv39X3d9TWwsJX7XbP0bknku9%2BXXjDnAVQ%3D&original-url=https%3A%2F%2Fpadlet-uploads-usc1.storage.googleapis.com%2F5223428909%2Fb6575868a48d4e43a48821aa21266237%2FIMG_8846.jpeg,,"IMA Sports Field, Seattle, WA",47.6548594,-122.3006859,White,Ford prefect,"Feb 24, 2026 07:40pm","Feb 24, 2026 07:40pm",0,No comments,0,Recreation,Gym
68,"University of Washington, Seattle, WA, USA","Group 'Roger', #4
After his class, Roger stops by the garden area next to Benson Hall to relax and eat a snack.
Mia Sohn",https://storage.googleapis.com/padlet-uploads-usc1/5222883808/69554e409ff7fc1700e33a5906b54467/IMG_0703.jpg?Expires=1772732569&GoogleAccessId=778043051564-q79bsd8mc40b0bl82ikkrtc3jdofe4dg%40developer.gserviceaccount.com&Signature=2k2Ca4pTFmPTZIp%2Ba75Bs%2BMde4MGlvNZ2tjh2Xj3xWEf2sWhEaAfEospRJTH%2FR13thZZGnD6FJYYS3lmbKC0I6SlfmIvJgdYjECQPvLgLQqAshSOmJUJOnMeDgfmZ76l%2F%2FjyWlUFfqQ61%2BgSOlf6CTQTffadU1dt4i02I%2B8pGNA%3D&original-url=https%3A%2F%2Fpadlet-uploads-usc1.storage.googleapis.com%2F5222883808%2F69554e409ff7fc1700e33a5906b54467%2FIMG_0703.jpg,,"University of Washington, Seattle, WA, USA",47.65243408350131,-122.309189,White,Mia Sohn (miasohn1),"Feb 24, 2026 07:29pm","Feb 24, 2026 07:30pm",0,No comments,1,School,Classroom
69,"4001 E Stevens Way NE, Seattle, WA 98195, USA","Group 'Young', #1
During a break between classes, Young goes up to the HUB Building’s second floor. After grabbing some lunch, Young grabs an empty seat and takes a long break before the next lecture starts.


Kevin Chao",https://storage.googleapis.com/padlet-uploads-usc1/5223149487/ed2fa5fa2b062f1632ba1ab219828118/balloon.jpg?Expires=1772732569&GoogleAccessId=778043051564-q79bsd8mc40b0bl82ikkrtc3jdofe4dg%40developer.gserviceaccount.com&Signature=thiI1OadJZXY562RxzRHgnPRr65sdoqvFxfvfrjWT%2FcQmx0Cz8GGNFKvHdaz9p77PH8LbpJ1Yj%2B2q2v1SPzkmvqfq1%2F%2B%2B%2BZEqviRcc4XlQmcKiu11b23HLx8dR4remcDiiS4vtKkApr8oQYnfvTcaF0Euw3Kutd2G8sdOk2eEJ4%3D&original-url=https%3A%2F%2Fpadlet-uploads-usc1.storage.googleapis.com%2F5223149487%2Fed2fa5fa2b062f1632ba1ab219828118%2Fballoon.jpg,,"4001 E Stevens Way NE, Seattle, WA 98195, USA",47.65550930174464,-122.305146,White,kchao589,"Feb 24, 2026 06:38pm","Feb 24, 2026 06:45pm",0,No comments,0,School,Multipurpose
