,Subject,Body,Location,Latitude,Longitude,Post color,Number of comments,Comments,Likes,Type,SpecType,totalwords,CleanBody,totalwords2
0,"Pike Place Market, Seattle, WA","Pike Place Market hold a place in my heart because it represents the heart of Seattle. The street musicians, the smell of fresh bread and seafood, and the view of Elliott Bay make the city feel vibrant and full of character. Being there reminds me that even on stressful days, there is beauty and energy all around me.","Pike Place Market, Seattle, WA",47.6096659,-122.3421671,White,0,No comments,0,Recreation,Market,58.0,pike place market hold my heart represents heart seattle street musician smell fresh bread seafood view elliott bay city feel vibrant full character being reminds me even stressful day beauty energy all me,33.0
1,"Kubota Garden, 55th Avenue South, Seattle, WA","Character: Jason Lemon #1 
Jason woke up early one day, grumpy and sour as usual because he wasn't a morning person. However it was a bright and warm day, perfect weather for a walk. He grabs his flask filled it up with warm green tea and started walking to his favorite spot, Kubota Gardens. As he thinks about the work he has to do, he couldn't help but make the connections between what he's been learning and the environment around him as he walks along the trail leading to the ponds. He observes the dragonflies flying across the water, the Japanese Stone Lanterns, and the water lilies floating in the pond; bending down he calmly looks at all the kois breaching the pond hoping for some food. ""What a peaceful day"" he thought before being interrupted by his stomach growling. 
Jay Nguyen","Kubota Garden, 55th Avenue South, Seattle, WA",47.5134676,-122.2658737,White,0,No comments,0,Recreation,Garden,142.0,woke up early grumpy sour usual wasn t morning person however bright warm perfect weather walk grab flask filled up warm green tea started walking favorite spot kubota garden a think about work do couldn help but connection between what learning environment walk along trail leading pond observes dragonfly flying across water japanese stone lantern water lily floating pond bending down calmly look all kois breaching pond hoping food what peaceful thought before interrupted stomach growling jay,81.0
2,"(47.656385717216295, -122.30618899659842)","Meymoon needed a day to relax, a day in some of their favorite happy places. However, before they start their day of relaxation, they needed to finish up her last bit of work for the day. Greig Garden is on the way to the rest of their happy places but importantly is a green, sunny spot to get some work done. Vincent Tanaka","(47.656385717216295, -122.30618899659842)",47.656385717216295,-122.306189,White,0,No comments,0,Recreation,Garden,63.0,needed relax their favorite happy however before start their relaxation needed finish up last bit work greig garden way rest their happy but importantly green sunny spot work done,31.0
3,"(47.6565039201217, -122.30597127922813)","Meymoon needed a day to relax, a day in some of their favorite happy places. However, before they start their day of relaxation, they needed to finish up her last bit of work for the day. Greig Garden is on the way to the rest of their happy places but importantly is a green, sunny spot to get some work done. Vincent Tanaka","(47.6565039201217, -122.30597127922813)",47.65650392,-122.3059713,White,0,No comments,0,Recreation,Garden,63.0,needed relax their favorite happy however before start their relaxation needed finish up last bit work greig garden way rest their happy but importantly green sunny spot work done,31.0
4,"McMahon Hall (MCM), Little Canoe Channel Northeast, Seattle, WA",Bob the builders favorite place is the McMahon parking lot because that means he finally gets to go home after working on haggett halls construction ,"McMahon Hall (MCM), Little Canoe Channel Northeast, Seattle, WA",47.65821640000001,-122.3036595,White,0,No comments,0,Dwelling,Dormatory,25.0,builder favorite mcmahon parking lot mean finally get home working haggett hall construction,13.0
5,"Golden Gardens Park, Seaview Place Northwest, Seattle, WA","#4: When the time passed, Young went to Golden Garden Park and found a perfect spot for me. He lay down, sitting on the sand, and enjoying the sunset.
","Golden Gardens Park, Seaview Place Northwest, Seattle, WA",47.6917517,-122.4030912,White,0,No comments,0,Recreation,Garden,29.0,when time passed went golden garden park found perfect spot me lay down sitting sand enjoying sunset,18.0
6,"Green Lake Park, East Green Lake Drive North, Seattle, WA","Ford starts his day with a walk around Greenlake. He enjoys his exercise, but there are also many people out that he can talk to for his research. He appreciates the calm water and the long walk to clear his mind.","Green Lake Park, East Green Lake Drive North, Seattle, WA",47.6802143,-122.3284021,White,0,No comments,0,Recreation,Park,41.0,start walk greenlake enjoys exercise but are many people out can talk research appreciates calm water long walk clear mind,20.0
7,"Haines Wharf Park, 75th Place West, Edmonds, WA","Benimaru is a fourth-year UW student who is pursuing a degree in Geography: Data Science. He usually spends all of his free time doing schoolwork and stressing about upcoming deadlines. Benimaru is very observant and has a strong ability to reflect. However, his pressures can be overwhelming at times, causing his world to sometimes feel small and repetitive. When he wants to take a break from his stressful world, Benimaru drives to the Edmonds Waterfront. He likes to stand near the edge of the water and watch the ferries and trains pass by. He finds the cold air, the sound of the waves, and the wide-open view of the horizon to help clear his head. In addition, being at the waterfront makes him remember that there are things in life that are much much bigger than him and his problems/responsibilities.

Group/Member: Naod Alemu","Haines Wharf Park, 75th Place West, Edmonds, WA",47.8520577,-122.3348454,White,0,No comments,0,Recreation,Park,143.0,fourth year uw student who pursuing degree geography data science usually spends all free time doing schoolwork stressing about upcoming deadline observant strong ability reflect however pressure can overwhelming time causing world sometimes feel small repetitive when want break stressful world drive edmonds waterfront like stand near edge water watch ferry train pas find cold air sound wave wide open view horizon help clear head in addition waterfront remember are thing life are much much bigger than problem responsibility,78.0
8,"Fritz Hedges Waterway Park, 1117 NE Boat St, Seattle, WA 98105, USA","Group Meymoon #4
Happy Story Contents: After their 15 minutes at the Drumheller fountain, Meymoon can’t help but to notice not only how the sun has started to reflect on the water in the fountain, but also how their stomach has started to rumble, making them keen on heading to see the lake and grab a bite to eat. Luckily, they had ventured all the way to West Campus, so Meymoon decided to head to the Fritz Hedges Waterfront park. At the Waterfront Park they have decided to get a burrito takeout from Aqua Verde, and sit on the yellow chairs and stare out at the lake.

Victoria Zhuang","Fritz Hedges Waterway Park, 1117 NE Boat St, Seattle, WA 98105, USA",47.65185203684905,-122.3156654,White,0,No comments,0,Recreation,Park,109.0,happy story content after their minute drumheller fountain can help but notice only how sun started reflect water fountain but how their stomach started rumble making them keen heading see lake grab bite eat luckily had ventured all way west campus decided head fritz hedge waterfront park waterfront park decided burrito takeout aqua verde sit yellow chair stare out lake,60.0
9,"Sweet Alchemy Ice Creamery, University Way Northeast, Seattle, WA","Group member: Cathya Tran

George is a surgical intern at Seattle Grace Hospital. As an intern, most of his week is dedicated to working endless hours at the hospital through day and night. He is a very kind and compassionate person and always brings warmth and comfortability to his fellow interns and colleagues. Today, after work, he decided to stop by his favorite ice cream spot called Sweet Alchemy on the Ave for a sweet treat after working so hard taking care of many patients and scrubbing in for many surgeries. He loves sampling each flavor because they rotate ever so often, so he’s in for a surprise each time he stops by. He decided to get the london fog flavor today, after standing there and debating between that and the cookies and cold brew. He always gets it in a cone, because it’s the best part. He enjoys his sweet treat down at the waterfront alongside his friend Izzie who came with him as a reward for the long day. ","Sweet Alchemy Ice Creamery, University Way Northeast, Seattle, WA",47.6599166,-122.3133762,White,0,No comments,0,Food,Snack,171.0,surgical intern seattle grace hospital a an intern most week dedicated working endless hour hospital through night kind compassionate person always brings warmth comfortability fellow intern colleague today work decided stop favorite ice cream spot called sweet alchemy ave sweet treat working hard taking care many patient scrubbing many surgery love sampling each flavor rotate ever often surprise each time stop decided london fog flavor today standing debating between cooky cold brew always get cone best part enjoys sweet treat down waterfront alongside friend who came reward long,93.0
10,"Agua Verde Cafe, Northeast Boat Street, Seattle, WA",,"Agua Verde Cafe, Northeast Boat Street, Seattle, WA",47.6515623,-122.3143428,White,0,No comments,0,Food,Café,,,
11,"Aladdin Gyro-Cery & Deli, University Way Northeast, Seattle, WA",Billy Bob enjoys going to Aladdin’s Gyro in the University District after a long day of classes. The Aladdin fries with lamb are his favorite because they’re filling and always taste great. Sitting there with friends and good food makes it one of the spots where he feels relaxed and happy.,"Aladdin Gyro-Cery & Deli, University Way Northeast, Seattle, WA",47.6579819,-122.3133619,White,0,No comments,0,Food,Deli,51.0,enjoys aladdin gyro university district long class aladdin fry lamb are favorite re filling always taste great sitting friend good food spot feel relaxed happy,25.0
12,"4041 Roosevelt Way NE Suite 101, Seattle, WA 98105, USA","Group 'Charlie' #4

Being a day dedicated to recovering from a long week of the academic grind, Charlie has a chiropractic appointment lined up. The chiropractic adjustments trigger the release of neurotransmitters like dopamine, serotonin and endorphins, which improves mood and wellbeing— setting Charlie up for the upcoming week.

Fiona Zeng","4041 Roosevelt Way NE Suite 101, Seattle, WA 98105, USA",47.65640117,-122.3180692,Purple,0,No comments,0,Health,Chiropracter,51.0,being dedicated recovering long week academic grind chiropractic appointment lined up chiropractic adjustment trigger release neurotransmitter like dopamine serotonin endorphin improves mood wellbeing setting up upcoming week zeng,30.0
13,"4732 Brooklyn Avenue Northeast, Seattle, WA","Roger starts his day off at his apartment, hitting a quick workout in the gym there before going to class.","4732 Brooklyn Avenue Northeast, Seattle, WA",47.6642031,-122.3138863,White,0,No comments,0,Dwelling,Apartment,20.0,start off apartment hitting quick workout gym before class,9.0
14,"Safeway, Brooklyn Avenue Northeast, University District, Seattle, WA",Had to improvise since I didn’t get the balloon at section this morning ,"Safeway, Brooklyn Avenue Northeast, University District, Seattle, WA",47.6642031,-122.3138864,Blue,0,No comments,0,Store,Grocery,13.0,had improvise since didn t balloon section morning,7.0
15,"The Quad - University of Washington, Pierce Lane, Seattle, WA","Group: Vikram Puri, Aaron Jacowitz, Mohamed Bashir, Farhan Hassan, Omar Ahmad, Rishi Victor
Character: Billy Bob
Story: Billy Bob lives at the Graduate. He woke up there, said hi to a few of his friends, and enjoyed the beautiful Seattle view. He first visited the HUB to play some games on Xbox with his friends, before resting on a bench in the quad on his way to Denny Field, where he met up with a few more friends to play spikeball. After a long day of enjoying the wonderful weather and views, he winds down at Area 01 by playing table tennis to destress. All those games worked up an appetite, so now, he finishes off the way with some delicious food at Aladdin’s Gyro in the U District. 

My name: Omar Ahmad

","The Quad - University of Washington, Pierce Lane, Seattle, WA",47.6572631,-122.3071972,White,0,No comments,0,School,Lawn,133.0,bobstory life graduate woke up said hi few friend enjoyed beautiful seattle view first visited hub play game xbox friend before resting bench quad way denny field met up few more friend play spikeball after long enjoying wonderful weather view wind down area playing table tennis destress all those game worked up an appetite now finish off way delicious food aladdin gyro u district my name,75.0
16,"IMA Sports Field, Seattle, WA","Character: Kai
After finishing a long day of classes at the UW, Kai felt mentally exhausted from coding assignments and exams. They decided to walk to the IMA to exercise and unwind. Running and lifting weights helped release the built up stress throughout the day. Afterwards, feeling refreshed, Kai later traveled to Seattle Dojo for judo practice, where they trained with fellow judoka to further master their techniques. The discipline and camaraderie at the dojo made Kai feel motivated with a place to belong in a familiar community. By the end of the day, moving between these two happy places helped Kai regain inner balance with academic pressure and his own personal well being.","IMA Sports Field, Seattle, WA",47.6548594,-122.3006859,White,0,No comments,0,Recreation,Gym,114.0,kaiafter finishing long class uw felt mentally exhausted coding assignment exam decided walk ima exercise unwind running lifting weight helped release built up stress throughout afterwards feeling refreshed later traveled seattle dojo judo practice trained fellow judoka further master their technique discipline camaraderie dojo made feel motivated belong familiar community by end moving between these two happy helped regain inner balance academic pressure own personal well,70.0
17,"Bouldering Project - Poplar, Poplar Place South, Seattle, WA","Group No Group
One day Branzino was running late to meet his favorite squirrel at the Poplar SBP. Usually he rides the bus there, but he didn't have time! He raced across the heads of the many people waiting in line for the new Raisin' Canes Chicken on the Ave, swung his way down the lightrail station, and hitched a ride on top of the train. He dashed across the rooftops of the myriad of cars filling the climbing gym parking lot, making it right in time! He then had a brilliant session, despite the challenges of being only 10-12 inches in height as well as being extremely out of breath. It was the perfect day!
Jack Rainlyn","Bouldering Project - Poplar, Poplar Place South, Seattle, WA",47.5934687,-122.3109464,Purple,0,No comments,0,Recreation,Gym,118.0,no groupone running late meet favorite squirrel poplar sbp usually ride bus but didn t time raced across head many people waiting line new raisin cane chicken ave swung way down lightrail station hitched ride top train dashed across rooftop myriad car filling climbing gym parking lot making right time then had brilliant session despite challenge only inch height well extremely out breath perfect,66.0
18,University Village Park,"Group: Martin Le, Paxton White, Andrew Frederick, Fidel Mendoza
Character: Bob the BuilderDuring his lunch break Bob The Builder walks down to UVillage Park to get some lunch and chat with his coworkers

Bob has gone to this park many times and has stayed there for hours chatting and laughing with friends while taking in the modern scenery.


My name: Andrew Frederick","2651 NE 49th St, Seattle, WA 98105, USA",47.66385851338934,-122.2982961,Green,0,No comments,0,Recreation,Park,62.0,builderduring lunch break walk down uvillage park lunch chat coworkers gone park many time stayed hour chatting laughing friend taking modern scenery my name,29.0
19,"Suzzallo and Allen Libraries, 15th Avenue Northeast, Seattle, WA","Bobby ends his day at Suzzallo Library, appreciating the calm atmosphere and beautiful scenery of the building, which helps him fully unwind and reflect before heading home to sleep.
","Suzzallo and Allen Libraries, 15th Avenue Northeast, Seattle, WA",47.6558835,-122.3084354,White,0,No comments,0,School,Library,29.0,bobby end suzzallo library appreciating calm atmosphere beautiful scenery building help fully unwind reflect before heading home sleep,18.0
20,"Fritz Hedges Waterway Park, Northeast Boat Street, Seattle, WA","Group 'Mina', #1
Mina likes to start off her day by walking to the ➀ Fritz Hedges Waterway Park, where she enjoys the sunshine and watches the geese. She has good memories there with her friends and really enjoys the scenery.
Reese Dyer","Fritz Hedges Waterway Park, Northeast Boat Street, Seattle, WA",47.6520661,-122.3159908,Blue,0,No comments,0,Recreation,Park,43.0,mina like start off walking ➀ fritz hedge waterway park enjoys sunshine watch goose good memory friend really enjoys scenery,21.0
21,"Haring Center: Experimental Education Unit, Northeast Columbia Road, Seattle, WA","Group 'Charlie' #3


After the workout, Charlie walks around Montlake to unwind and reflect on their week. There is a quiet corner at the back of the Haring Center, Charlie decides to sit on the bench in the middle of the tree, watches squirrels jumping around and clears their mind.


Margaret Yang","Haring Center: Experimental Education Unit, Northeast Columbia Road, Seattle, WA",47.6483785,-122.3074669,Green,0,No comments,0,School,Classroom,52.0,after workout walk montlake unwind reflect their week there quiet corner back haring center decides sit bench middle tree watch squirrel jumping clear their mind,27.0
22,"Husky Stadium, Montlake Boulevard Northeast, Seattle, WA","Husky stadium
Group: Bob the builder
Person #3:
My happy place is Husky Stadium, whether it’s marching band rehearsal, or 
gameday, I get to spend my time there having fun with my friends, playing music, and 
rooting for my favorite football team.
Paxton White","Husky Stadium, Montlake Boulevard Northeast, Seattle, WA",47.6503177,-122.3016101,White,0,No comments,0,Recreation,Stadium,44.0,husky stadiumgroup builderperson my happy husky stadium whether marching band rehearsal gameday spend my time having fun my friend playing music rooting my favorite football team,28.0
23,"Drumheller Fountain, Seattle, WA","Group 'Meymoon' 3: After their session at the IMA, Meymoon needed a spot to cool off after their workout and Drumheller was the perfect spot. Taking a seat at one of the benches, they stare out into the distance to Mt. Rainier since it was such a clear day for 15 minutes thinking about what to do next.
Jasen Mullins","Drumheller Fountain, Seattle, WA",47.6537532,-122.3077384,White,0,No comments,0,School,Scenic,60.0,after their session ima needed spot cool off their workout drumheller perfect spot taking seat bench stare out into distance mt rainier since such clear minute thinking about what do next,34.0
24,"Gas Works Park, North Northlake Way, 西雅图华盛顿",Individual 1 Bennie loves the view of the Seattle skyline from the top of the hill at Gas Works Park because it makes the city feel peaceful. - miles zhang,"Gas Works Park, North Northlake Way, 西雅图华盛顿",47.6456308,-122.3343532,White,0,No comments,0,Recreation,Park,30.0,individual love view seattle skyline top hill gas work park city feel peaceful,15.0
25,"University Bridge, Seattle, WA","Group ""Bartholomew"" (4). Bartholomew wakes up in the morning and goes to Muddy Waters Coffee to have a cup of coffee. Get ready for the day. After his first class, Bartholomew then takes a break on one of the benches in The Quad while listening to music to pass the time. During lunch, Bartholomew goes to By George to get some food and meet up with his friends on campus. After finishing his classes for today, Bartholomew decides to do a late afternoon run to and from the University Bridge. On his way back to the bridge, he admires the scene around him, checking out the water front, the skyline, and the entire campus. Bartholomew decides to have dinner in Bellevue square. He chooses a steak house in Lincoln square next to Bellevue square. After that, Bartholomew goes to Bellevue Square and chooses a candle he likes to help himself with a better sleep. 

Naama Al-Musawi","University Bridge, Seattle, WA",47.6531933,-122.3199777,Blue,0,No comments,0,Feature,Bridge,156.0,wake up morning go muddy water coffee cup coffee get ready after first class then take break bench quad listening music pas time during lunch go by food meet up friend campus after finishing class today decides do late afternoon run university bridge on way back bridge admires scene checking out water front skyline entire campus decides dinner bellevue square chooses steak house lincoln square next bellevue square after go bellevue square chooses candle like help himself better sleep,84.0
26,"Planet Fitness, Bothell Everett Highway, Mill Creek, WA",Group 'Alex': Alex loves being active and listening to their favorite tunes. Planet Fitness makes Alex feel strong and calm.,"Planet Fitness, Bothell Everett Highway, Mill Creek, WA",47.87657000000001,-122.21429,White,0,No comments,0,Recreation,Gym,20.0,love active listening their favorite tune planet fitness feel strong calm,12.0
27,"4106 Northeast 41st Street, Seattle, WA",The balloon thinks its room is the best space because its quiet comfortable and makes the balloon feel safe. With the ability for the balloon to do whatever it wishes,"4106 Northeast 41st Street, Seattle, WA",47.6584266,-122.2840562,White,0,No comments,0,Dwelling ,Apartment,30.0,balloon think it room best space it quiet comfortable balloon feel safe with ability balloon do whatever wish,18.0
28,"Seattle Japanese Garden, East Lake Washington Boulevard, Seattle, WA","Later in the day, Alex goes to the Japanese Garden to relax and enjoy the quiet paths and nature. It helps Alex feel calm and reset. But today the garden was closed until March 1, so Alex just walked around the area instead and still found time to relax.","Seattle Japanese Garden, East Lake Washington Boulevard, Seattle, WA",47.6290005,-122.2962936,White,0,No comments,0,Recreation,Garden,49.0,later go japanese garden relax enjoy quiet path nature help feel calm reset but today garden closed until march just walked area instead still found time relax,29.0
29,"Intramural Activities Building (IMA), Montlake Boulevard Northeast, Seattle, WA","Group: None, Solo
Name: Jishnu Kandala
Jaxon greatly enjoyed his walk to the IMA that he takes almost every day to start his workouts and today was especially enjoyable due to the weather being very bright today. He meets up with his teammates and prepares for his workout. Today he he is going to hit push (Chest, Shoulders, and Triceps). He spends about 2 hours with his exercises before going to play some volleyball in the courts at Gym C.","Intramural Activities Building (IMA), Montlake Boulevard Northeast, Seattle, WA",47.6535921,-122.3015799,Purple,0,No comments,0,Recreation,Gym,80.0,none soloname kandalajaxon greatly enjoyed walk ima take almost every start workout today especially enjoyable due weather bright today meet up teammate prepares workout today hit push chest shoulder triceps spends about hour exercise before play volleyball court gym c,42.0
30,"Benaroya Hall, University Street, Seattle, WA","Violet Reborn Jr., #3
Benaroya is a chance to step away from the real world and allow yourself to be taken by beautiful live music in a majestic environment. The hall enhances the live orchestra and allows for a sense of community with like-minded appreciators.
Victoria Rose
","Benaroya Hall, University Street, Seattle, WA",47.608175,-122.3367639,Purple,0,No comments,1,Recreation,Auditorium,47.0,benaroya chance step away real world allow yourself taken beautiful live music majestic environment hall enhances live orchestra allows sense community like minded appreciator rose,25.0
31,"Neptune Theatre, Northeast 45th Street, Seattle, WA","Group 'Young' 2: Young loves walking over to the Neptune Theatre on The Ave after a long day of classes. It's just a short stroll from campus, making it the perfect escape. He grabs some snacks, sinks into a seat, and loses himself in whatever is playing on the big screen. The vintage-meets-modern vibe of the theater feels right at home in the University District, and for a couple of hours, all the stress of school simply disappears.
","Neptune Theatre, Northeast 45th Street, Seattle, WA",47.6611722,-122.3139806,Red,0,No comments,0,Recreation,Theater,78.0,love walking over neptune theatre ave long class just short stroll campus making perfect escape grab snack sink into seat loses himself whatever playing big screen vintage meet modern vibe theater feel right home university district couple hour all stress school simply disappears,44.0
32,"Intramural Activities Building (IMA), Montlake Boulevard Northeast, Seattle, WA","
Group 'Violet Reborn Jr.' #2
After finishing an entire plate of tofu, Violet Reborn Jr. decided she had fueled herself a little too well and marched straight to the IMA to balance things out. She ran on the treadmill and lifted a few weights, turning her tofu fueled determination into a quick but satisfying workout.
Liam Chen","Intramural Activities Building (IMA), Montlake Boulevard Northeast, Seattle, WA",47.6535921,-122.3015799,Red,0,No comments,2,Recreation,Gym,57.0,after finishing an entire plate tofu decided had fueled herself little too well marched straight ima balance thing out ran treadmill lifted few weight turning tofu fueled determination into quick but satisfying workout,36.0
33,By George Cafe,"Group 'Charlie' 1: Charlie begins their day getting up early and heads to George Cafe after packing their things to work on a few errands and assignments. They meet with a friend and the two of them split an acai bowl and quietly work on their individual projects together, the two make small talk about their plans in the coming season. Robbie Rivera","University of Washington, Seattle, WA, USA",47.65622837982101,-122.3106378,White,0,No comments,0,Food,Café,63.0,begin their up early head cafe packing their thing work few errand assignment meet friend two them split an acai bowl quietly work their individual project together two small talk about their plan coming season,37.0
34,"University Playground Park, 9th Avenue Northeast, Seattle, WA","Group: Mina
Then, she walks her dog to the University Playground and lets him run around the field. Going for a stroll around the park with her dog helps Mina get into a better mindset, especially after a stressful day of school.
Evelyn Antonyuk","University Playground Park, 9th Avenue Northeast, Seattle, WA",47.6644085,-122.3193462,Purple,0,No comments,0,Recreation,Park,44.0,minathen walk dog university playground let run field going stroll park dog help into better mindset especially stressful school,20.0
35,"(47.64954871411114, -122.31202004800542)","[Roger #6/7]
Before the day ends, Roger has one final assignment to complete for class. He heads down to the southernmost point of campus, near Portage Bay, so he can collect a water sample for his biology group. He’ll have to bring it into his lab tomorrow so they can analyze it, but Roger can’t think about that now. He’s exhausted. He watches a few passing private boats as he fills his test tube, a flock of geese circling to the right of him, and he heads out for the last time.

Chandler Jensen","(47.64954871411114, -122.31202004800542)",47.64954871411114,-122.31202,Yellow,0,No comments,0,School,Scenic,94.0,before end final assignment complete class head down southernmost point campus near portage bay can collect water sample biology ll bring into lab tomorrow can analyze but can think about now exhausted watch few passing private boat fill test tube flock goose circling right head out last time,53.0
36,interlaken park,,"2451 Delmar Dr E, Seattle, WA 98112",47.6420374,-122.3170837,White,0,No comments,0,Recreation,Park,,,
37,"Sonic Boom Records, Northwest Market Street, 西雅图华盛顿","Young feels happiest at Sonic Boom record store in Ballard. Flipping through vinyl records and listening to music makes him feel calm and inspired. Music helps him reconnect with himself and the city.
Hao Yang","Sonic Boom Records, Northwest Market Street, 西雅图华盛顿",47.668493,-122.3851407,Purple,0,No comments,0,Store,Music,35.0,feel happiest sonic boom record store ballard flipping through vinyl record listening music feel calm inspired music help reconnect himself city,21.0
38,By George Cafe,"Bartholomew James III Jr. 3) During lunch, Bartholomew goes to By George to get some food and meet up with his friends on campus. Ashil Shao","(47.65607716781311, -122.31029737979138)",47.65607716781311,-122.3102974,White,0,No comments,0,Food,Café,26.0,during lunch go by food meet up friend campus,11.0
39,"Portage Bay Reach, Seattle, WA 98105美国","Group ""Alex"" #4
Happy Story: I often go to “Portage Bay Reach” to sit or watch the sunset. I can feel the breeze and enjoy some alone time. It's quiet and relaxing, allowing me to calm down and communicate with myself.
Yijia Liu
","Fisheries Teaching and Research Building (FTR), Seattle, WA 98105美国",47.65210655491758,-122.316372,Blue,0,No comments,0,School,Scenic,43.0,happy story often portage bay reach sit watch sunset can feel breeze enjoy alone time quiet relaxing allowing me calm down communicate myself,25.0
40,"UW Wetlands, Walla Walla Rd NE, Seattle, WA 98105, USA","Ford Prefect

Ford enjoys the Union Bay Natural Area because it is a diverse outdoor space. Currently there are a lot of water fowl in the area. Ford watched the mallards, mergansers, and buffleheads and added their behaviors to his guide. 

Lyle Donovan","UW Wetlands, Walla Walla Rd NE, Seattle, WA 98105, USA",47.65580426432163,-122.2961065,White,0,No comments,0,Recreation,Park,43.0,enjoys union bay natural area diverse outdoor space currently are lot water fowl area watched mallard merganser bufflehead added their behavior guide,22.0
41,"Kong Tofu House, Northeast 42nd Street, Seattle, WA","Violet Reborn Jr. woke up at 12pm excited to meet up with her friend, so excited that she's been dreaming about this day even nights before. But her dear friend had abandoned her on this very important day. Determined to have a good day, Violet was still able to enjoy a nice warm tofu meal alone.


Group: Violet Reborn Jr. 
Lindsay Nguyen

","Kong Tofu House, Northeast 42nd Street, Seattle, WA",47.6584076,-122.3123343,Yellow,0,No comments,3,Food,Restaurant,62.0,woke up pm excited meet up friend excited dreaming about even night before but dear friend had abandoned important determined good still able enjoy nice warm tofu meal alone,35.0
42,"3924 Montlake Blvd NE, Seattle, WA 98195, USA","Group 'Bobby' #4
After a long day of classes, Bobby decides to go to the IMA to clear his head. Bobby enjoys hooping to take his mind of everything else and spend time with the friends he's made through the welcoming community of the IMA.

Emmanual T.","3924 Montlake Blvd NE, Seattle, WA 98195, USA",47.65350597681234,-122.3015567,White,0,No comments,0,Recreation,Gym,47.0,bobby after long class bobby decides ima clear head bobby enjoys hooping mind everything else spend time friend made through welcoming community ima t,25.0
43,"7312 West Green Lake Dr N, Seattle, WA 98103, United States","Even though it was a bit farther away, Meymoon wanted to make one more stop before heading home, somewhere that felt grounding. So they headed to Green Lake. On the west side near the theater, Meymoon finds a bench facing the water. They sit and enjoy the sounds of the lake and the quiet conversations of people passing by. After a few quiet minutes to reset and reflect on the day, they feel ready to finish the day.


Shayla Guieb","7312 West Green Lake Dr N, Seattle, WA 98103, United States",47.6821132,-122.3398126,White,0,No comments,0,Recreation,Park,80.0,even though bit farther away wanted more stop before heading home somewhere felt grounding so headed green lake on west side near theater find bench facing water sit enjoy sound lake quiet conversation people passing after few quiet minute reset reflect feel ready finish,47.0
44,"1118 NE 47th St, Seattle, WA 98105美国","Group ""Bartholomew"" # 1
In the morning, I like to come here and get a cup of coffee. Getting started on the day!
Jiaxuan Su","1118 NE 47th St, Seattle, WA 98105美国",47.66318851545781,-122.3156077,Yellow,0,No comments,0,Dwelling,Apartment,25.0,in morning like come cup coffee getting started,11.0
45,"Mox Boarding House, Northeast Bel Red Road, Bellevue, WA","Group: Ford Prefect 4
I like to come here for the excellent food options, beers on tap, and to play games with friends. Parking is hard to find, but its always worth the struggle. ","Mox Boarding House, Northeast Bel Red Road, Bellevue, WA",47.62273460000001,-122.1625911,White,0,No comments,1,Food,Games,34.0,like come excellent food option beer tap play game friend parking hard find but it always worth struggle,20.0
46,UW IMA ,"Group 'Mina', #3
After attending her afternoon classes, Mina likes to go to the ➂ UW IMA to work out and take her mind off of schoolwork.
Emma Turnbull","3924 Montlake Blvd NE, Seattle, WA 98195, USA",47.65357115971205,-122.3018324,White,0,No comments,0,Recreation,Gym,29.0,after attending afternoon class like ➂ uw ima work out mind off schoolwork,14.0
47,"Eureka!, Northeast 46th Street, Seattle, WA",,"Eureka!, Northeast 46th Street, Seattle, WA",47.6619252,-122.2990801,White,0,No comments,0,Food,Restaurant,,,
48,"Sylvan Grove Theater and Columns, West Stevens Way Northeast, Seattle, WA","Group 'Roger', #5
Between classes Roger meets up with his friend David before winding down for the day and they go to Sylvan Grove to read together and reminisce on the past few months of school and how it's all going by so fast.
Chris Miller","Sylvan Grove Theater and Columns, West Stevens Way Northeast, Seattle, WA",47.6527461,-122.3063108,White,0,No comments,1,School,Lawn,46.0,between class meet up friend david before winding down sylvan grove read together reminisce past few month school how all fast,23.0
49,"Husky Union Bldg (HUB), East Stevens Way Northeast, Seattle, WA","Group 'Mina', #5
After a long day of classes and walking her dog, Mina finishes her night at the UW Hub Pool Hall. She plays with her friends in the lit room where the quiet but alive atmosphere helps her take a pause and de-stress from school. 
Nancy Nguyen","Husky Union Bldg (HUB), East Stevens Way Northeast, Seattle, WA",47.6553893,-122.3050844,White,0,No comments,0,School,Multipurpose,49.0,after long class walking dog finish night uw hub pool hall play friend lit room quiet but alive atmosphere help pause de stress school,24.0
50,"The Hans Rosling Center for Population Health, 15th Avenue Northeast, Seattle, WA","Roger goes to class at the Han's Rosling Building after going to the gym and passing by the Burke Museum by entering through the north entrance. But before he goes to class he takes a seat and decompresses from all that he did by taking a seat in the outdoor seating area and admires the scenery of nature and as at peace with himself listening to music. 

Katherine Escoto Licona","The Hans Rosling Center for Population Health, 15th Avenue Northeast, Seattle, WA",47.6545163,-122.3117026,White,0,No comments,1,School,Classroom,70.0,go class han rosling building gym passing burke museum entering through north entrance but before go class take seat decompresses all did taking seat outdoor seating area admires scenery nature peace himself listening music,34.0
51,"Sweet Alchemy Ice Creamery, University Way Northeast, Seattle, WA","Group: Violet Reborn Jr.
#4

At the end of the day, Violet Reborn Jr. goes back to the university district and has ice cream alone. Hmmmm Yummy!!! She doesn’t care about her friend anymore now.

Paisley Wu","Sweet Alchemy Ice Creamery, University Way Northeast, Seattle, WA",47.6599166,-122.3133762,Purple,0,No comments,1,Food,Snack,37.0,end go back university district ice cream alone hmmmm yummy doesn care about friend anymore now,20.0
52,"Graduate by Hilton Seattle, Brooklyn Avenue Northeast, Seattle, WA","I would hang out with friends looking out at the view. Having good chats/ discussions with friends. Worked on a hackathon.

Vikram Puri","Graduate by Hilton Seattle, Brooklyn Avenue Northeast, Seattle, WA",47.6615944,-122.3145675,White,0,No comments,0,Dwelling,Hotel,23.0,would hang out friend looking out view having good chat discussion friend worked hackathon,14.0
53,Denny Field,"Billy Bob #4
Billy Bob visiting Denny Field to play Spikeball with his friends on a beautiful day.
Aaron Jacowitz","University of Washington, Seattle, WA, USA",47.65924734156281,-122.3054359,White,0,No comments,0,School,Lawn,20.0,billy visiting denny field play spikeball friend beautiful,9.0
54,"Intramural Activities Building (IMA), Montlake Boulevard Northeast, Seattle, WA","Group 'Charlie' #2

After eating with Charlie's friend, in order to maintain personal wellness since student life is quite sedentary, Charlie heads to the IMA to get active after completing a satisfying amount of work. They begin their workout with a light leg day, since they intend on taking a walk outside later. To wake themselves up, Charlie plays some happy music and finishes their sets efficiently.

Kristy Dang","Intramural Activities Building (IMA), Montlake Boulevard Northeast, Seattle, WA",47.6535921,-122.3015799,Blue,0,No comments,0,Recreation,Gym,69.0,after eating friend order maintain personal wellness since student life quite sedentary head ima active completing satisfying amount work begin their workout light leg since intend taking walk outside later wake themselves up play happy music finish their set efficiently,44.0
55,"Round1 Bowling & Arcade Westfield Southcenter, Southcenter Mall, Tukwila, WA","Group ""Alex"",#5
Happy Story: In the evening, after finishing all the things, Alex has the time to go to Round One and play bowling with friends. He feels relaxed and happy after a busy day. The sound of laughter and bowling pins makes the atmosphere fun and lively. While playing, he chats with his friends and enjoys the friendly competition. Even though it is just a simple activity, it helps him relieve stress and end the day in a good mood.
Dajun Liu","2351 Southcenter Mall, Tukwila, WA 98188",47.4595323,-122.2563321,White,0,No comments,1,Recreation,Games,83.0,happy story in evening finishing all thing time round one play bowling friend feel relaxed happy busy sound laughter bowling pin atmosphere fun lively playing chat friend enjoys friendly competition even though just simple activity help relieve stress end good mood,42.0
56,"Area 01 Community Center, Northeast Campus Parkway, Seattle, WA"," Group :Billy Bob, 6
Billy Bob likes visiting here .  It’s an area where you can relax and play games like pool or table tennis. He  likes going there to de stress and to play at the end of the day. It’s also comfortable to just relax.","Area 01 Community Center, Northeast Campus Parkway, Seattle, WA",47.6559109,-122.3163335,White,0,No comments,0,School,Multipurpose,47.0,billy like visiting an area can relax play game like pool table tennis like de stress play end comfortable just relax,27.0
57,"The Quad - University of Washington, Pierce Lane, Seattle, WA","Group ""Bartholomew James III Jr."" #2

After morning classes, Bartholomew takes a breather at one of the benches at The Quad while listening to music.

Tyler Luong
","The Quad - University of Washington, Pierce Lane, Seattle, WA",47.6572631,-122.3071972,White,0,No comments,0,School,Lawn,27.0,after morning class take breather bench quad listening music luong,13.0
58,"Bellevue Square, Bellevue Square, Bellevue, WA","Group member: Tyler Luong, Naama Al-Musawi, Jiaxuan Su, Ashil Shao, Martin Yuan
Group Character: Bartholomew James III Jr.
Storyline 5
Happy story: I usually use my spare time to walk there and visit the small business near next to the Bellevue square. Inside Bellevue square, I usually buy my daily necessities or have some ramen. I love it because it is convenient for me since it’s just near to my apartment.


Name: Martin Yuan

","Bellevue Square, Bellevue Square, Bellevue, WA",47.6157647,-122.203721,White,0,No comments,0,Recreation,Multipurpose,74.0,luong yuangroup storyline happy story usually use my spare time walk visit small business near next bellevue square inside bellevue square usually buy my daily necessity ramen love convenient me since just near my apartment name yuan,44.0
59,"Burke Museum of Natural History and Culture, Memorial Way Northeast, Seattle, WA","Group: 'Roger' # 2

Roger walks through the UW north entrance after working out at the gym. He passes by the Burke Museum on the right as he makes his way to class. He likes the view of of University Avenue and the peaceful nature of Memorial Way.

Johann Ravindranathan","Burke Museum of Natural History and Culture, Memorial Way Northeast, Seattle, WA",47.6606147,-122.3115987,Red,0,No comments,1,Recreation,Museum,50.0,walk through uw north entrance working out gym pass burke museum right way class like view university avenue peaceful nature memorial way johann,27.0
60,"4201 University Wy NE, Seattle, WA 98105, USA","Group 'Alex', #1 
Happy Story: In the morning, Alex wakes up early in their apartment near UW and walks to Cafe on the Ave to start the day. Alex likes coming here because it is close and convenient, and it always has fresh coffee and food. The warm smell of coffee makes Alex feel awake and ready. Alex enjoys sitting there for a few minutes, eating and relaxing before heading out. This simple routine makes Alex feel comfortable and happy before a busy day.
Kenneth Ha","4201 University Wy NE, Seattle, WA 98105, USA",47.65849940673532,-122.3134473,White,0,No comments,0,Food,Café,86.0,happy story in morning wake up early their apartment near uw walk cafe ave start like coming close convenient always fresh coffee food warm smell coffee feel awake ready enjoys sitting few minute eating relaxing before heading out simple routine feel comfortable happy before busy,49.0
61,University of Washington Intramural Activities Building (IMA),"Group 'Meymoon' #2 
They finish the last bit of their essay, copying and pasting sources and adding a title then they are off to the IMA, After being done with morning studies, Meymoon heads to the IMA. Meymoon's happy place is the IMA. It helps to relieve the mental load of the morning. They notice the opportunity to achieve personal bests at this place and to objectively better their health. They also multitask here and work on whatever needs a touch-up, while jamming to music.

Oscar Daniel Castillo","Intramural Activities Building (IMA), Montlake Boulevard Northeast, Seattle, WA",47.6535921,-122.3015799,Purple,0,No comments,0,Recreation,Gym,88.0,finish last bit their essay copying pasting source adding title then are off ima after done morning study head ima happy ima help relieve mental load morning notice opportunity achieve personal best objectively better their health multitask work whatever need touch up jamming music,46.0
62,"3821-3891 Beacon Ave S, Seattle, WA 98108, USA","Group: ""Bob the Builder"" 
Bob The Builder starts his Friday morning off waking up in his beautiful home next to Jefferson Park in Beacon Hill. Once he's dressed and ready for his day, he takes his dog on a walk through Jefferson Park.","3821-3891 Beacon Ave S, Seattle, WA 98108, USA",47.56907305534935,-122.3079046,White,0,No comments,0,Recreation,Park,43.0,start friday morning off waking up beautiful home next jefferson park beacon hill once dressed ready take dog walk through jefferson park,27.0
63,"FRAM, Fairview Avenue East, Seattle, WA","Ford Prefect: Order #6
After a long day of research, Ford wants to apply his findings to an early evening trivia session at FRAM coffee house. (Jaeden Cox Arnsdorf)","FRAM, Fairview Avenue East, Seattle, WA",47.6489717,-122.3243509,White,1,View comments,1,Food,Café,29.0,order after long research want apply finding an early evening trivia session fram coffee house,18.0
64,"Husky Union Bldg (HUB), UW Campus, East Stevens Way Northeast, Seattle, WA","Billy Bob occasionally visits the Hub to play some games on the Xbox or Nintendo with a few of his friends. His most favorite or frequent game to play is Mario Kart 8 and Naruto Ultimate Ninja Storm 4.

Farhan Hassan","Husky Union Bldg (HUB), UW Campus, East Stevens Way Northeast, Seattle, WA",47.6553893,-122.3050844,White,0,No comments,0,School,Multipurpose,41.0,occasionally visit hub play game xbox nintendo few friend most favorite frequent game play mario kart naruto ultimate ninja storm,21.0
65,"Intramural Activities Building (IMA), Montlake Boulevard Northeast, Seattle, WA","After GEOG450 lab, Ray always drives to IMA to work out or play basketball with his friends. At the end of the exercise, he always feels a clear mind and less stressful. (Ruiming Ren)","Intramural Activities Building (IMA), Montlake Boulevard Northeast, Seattle, WA",47.6535921,-122.3015799,White,0,No comments,0,Recreation,Gym,34.0,after geog lab always drive ima work out play basketball friend end exercise always feel clear mind less stressful,21.0
66,"IMA Sports Field, Seattle, WA","Around noon, Ford has scheduled a game of the most popular sport on earth at the IMA fields. He likes how active his life can be. ","IMA Sports Field, Seattle, WA",47.6548594,-122.3006859,White,0,No comments,0,Recreation,Gym,26.0,around noon scheduled game most popular sport earth ima field like how active life can,16.0
67,"University of Washington, Seattle, WA, USA","Group 'Roger', #4
After his class, Roger stops by the garden area next to Benson Hall to relax and eat a snack.
Mia Sohn","University of Washington, Seattle, WA, USA",47.65243408350131,-122.309189,White,0,No comments,1,School,Classroom,24.0,after class stop garden area next benson hall relax eat snack,12.0
68,"4001 E Stevens Way NE, Seattle, WA 98195, USA","Group 'Young', #1
During a break between classes, Young goes up to the HUB Building’s second floor. After grabbing some lunch, Young grabs an empty seat and takes a long break before the next lecture starts.


Kevin Chao","4001 E Stevens Way NE, Seattle, WA 98195, USA",47.65550930174464,-122.305146,White,0,No comments,0,School,Multipurpose,38.0,during break between class go up hub building second floor after grabbing lunch grab an empty seat take long break before next lecture start,25.0
