"ndvi","dist_water","elevation","human_footprint","snow_depth","region","season","density"
0.648118493636139,1.59152714419179,1120.2564016683,86.4631423028186,21.8826794328234,"Central","Winter",11.428655115639
0.845263364678249,4.54641690477729,1394.5371755166,55.0365252653137,3.19844488497797,"Central","Summer",18.7117604761416
0.315961309731938,0.109515311196446,442.124227923341,91.6158719453961,51.8586796436264,"Central","Summer",13.4421779141211
0.643710231012665,0.376739829080179,456.81496351026,45.2731824712828,22.2840563872731,"Central","Winter",11.6793818560221
0.722964845900424,3.93072249135002,929.481526138261,61.2542563350871,29.9940703190761,"South","Winter",10.8649749625743
0.791675419523381,1.17489600088447,2091.09326228499,36.1253321636468,25.2435372014265,"Central","Summer",18.3268897442135
0.572957725054584,2.35602128435858,1612.12961103301,42.5582841038704,35.9550659488673,"South","Summer",16.0190987426328
0.349788711522706,0.952007137238979,1446.31487096194,48.355379793793,34.9339241276972,"South","Winter",10.5882219435818
0.353593177581206,4.5715542754624,1976.38150979765,3.20325673092157,35.9609574437953,"South","Summer",13.0595015112609
0.749060541973449,4.3386751669459,530.612106621265,70.0528825866058,8.06866639107706,"Central","Winter",11.6387983456981
0.456451517483219,2.21095538814552,1445.71010719519,3.34924124181271,39.0634615069285,"South","Summer",15.2260643861789
0.228683249233291,4.93780518881977,2460.17726971768,31.2386174686253,29.3244563516034,"Central","Summer",11.7797264462057
0.607784254313447,4.67240537051111,1713.48093021661,72.6087760413066,31.0491859013523,"Central","Summer",14.1680144644399
0.528041444951668,2.95472513884306,2237.49873987399,86.0040626022965,25.8342289294101,"North","Winter",9.740236640705
0.894580630608834,0.615150462836027,1622.49558165204,60.6815496459603,-2.68342185690526,"Central","Winter",13.9892945225084
0.5432743124431,3.00801852485165,2316.50724553037,7.50261486973614,22.8042598238478,"Central","Summer",15.8185941563541
0.829953568638302,0.683263302780688,2059.33475219645,82.1366371354088,21.3495046653622,"North","Summer",18.7381172459581
0.531650976394303,0.418457358609885,1894.12880935706,54.8993014730513,22.2386161778331,"North","Winter",10.9197707100391
0.325846965587698,1.86363593442366,2434.13291457109,93.8658597879112,44.4351044665227,"North","Summer",11.0604419694333
0.565210009668954,0.620778374141082,1996.38421803247,83.3388602128252,17.4903016720783,"North","Summer",15.6126029229382
0.72049765845295,4.33079587412067,2235.80248258077,87.1769472956657,20.4136200984736,"Central","Summer",15.0458199569023
0.558374733058736,4.65672625694424,1679.7829216579,30.5429760599509,11.0443483660307,"Central","Winter",10.496640180385
0.332777573307976,0.332989504095167,1789.2796599539,33.6595878005028,30.1901842855259,"South","Winter",10.7581911200698
0.241660810215399,4.25992929143831,1431.20662837755,99.3243584642187,31.7115577484616,"North","Winter",8.17899978551405
0.703073661332019,4.80626597767696,1645.63648893964,83.1214291974902,16.1274470596564,"Central","Summer",15.5332345967007
0.226328333024867,4.60738891502842,2453.10446203221,56.5413491800427,38.3917528806883,"South","Summer",10.6898819684821
0.274001678079367,3.57941737514921,544.767170003615,30.0880031660199,42.0839149147258,"Central","Winter",9.18941413257923
0.245677726343274,0.867909889202565,1203.62294088118,83.5142975440249,34.0074441351129,"Central","Winter",9.8532594883265
0.25358429600019,3.56810117838904,1890.54839056917,78.8321949774399,46.8034681346857,"South","Winter",8.98343878704565
0.240870857867412,4.04569770791568,1500.21796734072,87.6580044161528,31.3132374840231,"Central","Summer",11.4767437009305
0.600454971799627,1.03637115447782,389.560287422501,92.4958501243964,30.5592869903686,"North","Winter",10.8146926179166
0.499160414305516,4.25071541918442,956.92752962932,10.9424552647397,24.830139041786,"Central","Summer",14.9271664608487
0.774437722424045,2.84083897597156,912.195141799748,52.2134478436783,37.9759333262501,"Central","Summer",16.8763270901873
0.315257526817732,3.68944723624736,1072.54512701184,6.85176083352417,36.6331553271132,"South","Winter",10.3173363071112
0.323876262176782,1.17441899259575,2455.19765040372,79.8686470836401,44.2051598748277,"North","Summer",11.9835895653719
0.411826133844443,0.53779384936206,1312.30548636522,1.40709616243839,41.9251570988352,"South","Winter",11.5769428774272
0.779797755973413,2.11845650919713,908.7506264681,17.3357107676566,13.8104785382147,"South","Summer",19.6661320245137
0.387766739912331,1.99623882654123,2094.00372479577,4.32068314403296,40.2343570961129,"South","Summer",14.2644031213743
0.825429837731644,1.86862600385211,1807.21655082889,50.3993926336989,8.19717802439516,"North","Winter",16.122039691705
0.279483180074021,4.31855639559217,1856.11106695142,38.0923833930865,50.172869657805,"South","Winter",8.37105964129349
0.72111975196749,4.01476273080334,1825.50786663778,19.3341760197654,29.8156181203592,"North","Winter",10.7154386252863
0.531613689986989,4.45069414679892,2350.81366093364,11.7380021605641,28.2526046078934,"Central","Winter",10.0953946893868
0.807678078394383,1.73329456825741,944.887992367148,56.4386204816401,14.4999368744591,"Central","Winter",12.6139975641922
0.5188870373182,3.97152302670293,1188.85473192204,90.7823436893523,14.5537274999047,"North","Summer",13.5061013777653
0.581233380711637,1.33622259600088,806.96792199742,27.3542709182948,29.8275587724789,"South","Summer",17.3961923726196
0.394302835059352,0.683552547125146,346.060785558075,29.7651656437665,42.2466810573204,"South","Summer",15.1451740257099
0.871717323479243,2.47124817105941,2069.60924102459,36.2983157392591,4.66187472186613,"North","Winter",13.0740513382777
0.672641588211991,3.57490140828304,1435.65130110364,87.9550952930003,29.6964854786233,"Central","Summer",14.5198077424584
0.779428394534625,3.63579310011119,2426.86115778051,31.6163543611765,26.2069288215059,"Central","Winter",11.7088308715388
0.65222084170673,2.30548792635091,1284.75715110544,35.4727755533531,42.0873101295633,"Central","Winter",11.4385607095527
0.607986661954783,4.0087820449844,1512.27197463159,37.7312480704859,17.4026105557411,"North","Winter",10.9009723975113
0.345715914270841,1.20553007465787,1084.29488509428,75.2514464780688,40.0288870685982,"North","Summer",12.8906045027128
0.394996899715625,3.70870980550535,650.029799365439,21.8180990079418,12.623983486946,"South","Winter",10.9612574965528
0.321421624463983,3.26400352758355,2209.21497629024,41.021828004159,38.3394687315655,"South","Summer",12.8609155185021
0.600047503830865,4.51948273112066,1347.73328320589,25.4777764668688,32.9862712954874,"South","Summer",15.489166685567
0.790749064739793,4.31607949081808,616.745421243832,86.5383068099618,31.1524229909436,"Central","Winter",11.5719396815952
0.823482893919572,3.96385681116953,233.092056494206,39.842253155075,5.82872874193755,"Central","Winter",13.1364756388448
0.884879684727639,1.44232606748119,1671.23854563106,85.1873043458909,20.0387716246546,"Central","Winter",12.2925605025452
0.722279098350555,0.232576972339302,732.226744596846,87.8470719093457,20.7252972000301,"North","Winter",11.9435007581689
0.330240701511502,2.28793754475191,697.862685774453,36.0975794494152,40.7948781377602,"North","Summer",12.176803873854
0.37335034837015,4.6131361508742,2213.69401700795,89.7318477975205,45.9347866578124,"South","Winter",18.4772961906042
0.776036433386616,0.396438379539177,2429.68100013677,82.799670076929,19.5330735868121,"Central","Summer",18.7733265871288
0.34430177686736,4.18582575162873,366.660615825094,48.8056414527819,53.0860808590664,"Central","Winter",8.76067522995505
0.760871474724263,2.35909974435344,1723.7810309045,50.5773999961093,11.5015149697225,"South","Winter",12.5846233233111
0.692882375814952,1.51765982969664,1422.53414914012,73.441688157618,35.6269493544788,"South","Winter",11.8561042702122
0.702225916087627,2.25990808568895,1028.80453458056,53.5557662369683,33.1961494862671,"Central","Summer",16.8421726550084
0.314085076726042,4.5450315985363,2458.50311829709,87.3621460050344,21.1949939413871,"Central","Winter",8.66492143137891
0.845572913065553,1.05418805964291,959.847882483155,45.8918243879452,12.8376459274545,"Central","Summer",19.6663097339555
0.840524149313569,0.272182393819094,513.533354154788,22.6763472659513,4.26387750305298,"North","Summer",21.1502520930074
0.579537339182571,2.42072242079303,1570.93598837964,21.8680616933852,37.0187489937131,"North","Winter",10.5511250879295
0.537296914611943,2.56250931648538,814.672361616977,39.4492940511554,46.0662052561753,"South","Winter",10.7767276281829
0.329290411435068,0.375584834255278,1964.73235324956,39.1019518719986,6.45485052689298,"North","Summer",15.0474356919637
0.603505247388966,4.76512680994347,1226.97859858163,67.7619335707277,47.7095982692752,"South","Winter",10.7644789471466
0.501246025669388,2.50639342935756,1831.718691485,95.1699225464836,31.3678277751408,"Central","Summer",14.8352315396334
0.210182463005185,3.70555429253727,2201.0467867367,73.8771997392178,42.9662445615013,"South","Winter",8.22143043308498
0.587794449669309,3.73165733064525,1372.57249825634,78.5234947688878,12.5352945288817,"South","Summer",15.9803266940686
0.833205792913213,3.48688650643453,915.453447285108,40.5623852275312,17.9648150940575,"Central","Summer",18.5282938964257
0.252357491594739,3.65238868864253,1948.16110299435,80.458871065639,33.889722619707,"North","Summer",10.8897147147797
0.449762104870752,0.142892965814099,585.014383913949,60.4861261555925,42.0701834821764,"South","Winter",11.1279586274866
0.721014689886943,1.38267911272123,2133.5835234262,9.91883827373385,7.55781828855649,"South","Summer",20.1548094295708
0.757108573825098,0.511319864308462,1105.91390319169,53.2648497261107,9.22607593780842,"South","Winter",14.1254326504881
0.27332813621033,3.0227063014172,2421.13563073799,6.39030642341822,44.0518325795076,"South","Winter",9.71509827987636
0.214107483508997,0.961064553121105,856.964326440357,32.0003120228648,40.5340688287909,"Central","Winter",10.16651553878
0.388926454307511,0.871029302943498,345.43922978919,98.6663121031597,31.428875957132,"Central","Summer",13.9867786953792
0.694194670347497,1.42061739112251,1653.38702476583,1.3551824958995,11.6610770748556,"South","Winter",13.7077602807069
0.63811764428392,2.30858143768273,1321.56695108861,25.4148718668148,28.824116702261,"North","Winter",10.9919109740166
0.64918541861698,4.75408958620392,1227.36961334012,73.7599771469831,18.3826166735934,"North","Winter",10.212991535462
0.701665236265399,4.99852385255508,2026.08865611255,91.5411853697151,19.62793918272,"North","Winter",9.86181366162687
0.239017701079138,2.21984896925278,1136.93619507831,75.4698546137661,43.0990860861792,"Central","Summer",11.824792368864
0.809797753533348,4.41131902160123,383.479110733606,74.6448649792001,34.5980644334581,"Central","Winter",17.6284831375276
0.598025858285837,1.24672207981348,470.404218835756,80.0424760673195,25.991834316154,"Central","Summer",16.4847959060196
0.352516406401992,3.51840071380138,719.550961977802,69.5599382044747,24.8055736938289,"Central","Summer",13.0969276272383
0.271060826443136,2.23279743571766,2404.04083009344,41.2573980400339,35.0759484003966,"Central","Summer",12.1109658171597
0.688671577931382,4.58782160538249,1560.7147881994,49.3554877117276,12.2752068075717,"North","Summer",15.7929396826374
0.334908053465188,4.47808848461136,603.692998038605,95.8374031353742,41.8866613530777,"North","Winter",8.1493097862808
0.80405157324858,0.624728259863332,1650.65119811334,52.5098075391725,9.94476345365823,"Central","Summer",21.141623284138
0.714113475382328,3.25246842694469,278.771401965059,80.0999165279791,17.4944434515588,"Central","Summer",16.3267796465776
0.671605463791639,1.65873093996197,604.104139958508,10.0672267843038,23.4106786267742,"South","Winter",13.6883176869325
0.520556396339089,1.7856031912379,873.670085682534,89.3205949105322,22.7757888990433,"Central","Winter",10.8878945041172
0.555939366109669,0.481188967823982,1425.6906921044,77.3597498657182,26.5460452461185,"Central","Winter",11.2381778499747
0.479195924755186,0.0695458461996168,549.806633149274,52.2273115580902,23.3819941646169,"North","Winter",10.6410492370473
0.601419120840728,2.74073297623545,565.696443105116,6.64605833590031,28.1054263640923,"South","Winter",11.8026704970847
0.365307034505531,3.80144532769918,2283.95374282263,0.164032075554132,52.7934144436943,"South","Summer",12.7339856088207
0.266291492106393,1.20894536375999,292.842643498443,66.503282263875,35.951757829795,"South","Summer",12.9932193185126
0.215179208130576,1.81062294752337,1250.90503280517,84.1956249671057,47.173720418863,"South","Winter",9.12596799812416
0.574008394265547,4.14380178204738,981.87593955081,83.7870948482305,14.6305783061947,"Central","Winter",10.5064312813537
0.656112047634087,2.99114190740511,684.021323896013,24.6491177706048,22.0705382952206,"South","Winter",11.6245898133772
0.362835579225793,0.345193352550268,919.228503247723,60.9629414975643,31.0716382847768,"North","Winter",10.4662180737845
0.205865017720498,2.23071717540734,1609.24371667206,16.0684043541551,47.2032111887374,"Central","Summer",12.0186832628291
0.629033255274408,2.60994220268913,1219.38963162247,19.4462011801079,25.7034977393367,"South","Summer",16.4679467426328
0.799207394407131,2.05952178454027,1687.52570168581,33.6804236052558,18.3225546276259,"South","Summer",20.3650706489806
0.484496459970251,1.34118956280872,534.585906052962,23.3583512715995,48.2303483941602,"North","Winter",10.2825572715673
0.596881900611334,3.36783768492751,2144.96226967312,96.4261541608721,23.5925528008589,"Central","Summer",14.2772434865923
0.24738969001919,4.71320093609393,1257.65699045733,93.2350771035999,41.5231773736168,"Central","Summer",10.5639974541489
0.577254831721075,2.98196171992458,839.63113098871,1.30539613310248,27.4778619380835,"North","Summer",15.4870245310717
0.532728372444399,4.03496279148385,643.494325573556,86.1527914647013,25.3351308858582,"South","Summer",14.7468977754368
0.422367715556174,2.53121052868664,457.879003556445,26.9149930449203,42.0447071500008,"North","Summer",12.6169881110991
0.481140643381514,2.86004305817187,2063.22058921214,35.4423598153517,38.6147578555741,"North","Winter",9.33898769732295
0.211505702557042,4.81350658810697,2125.66465684213,89.3793845083565,61.2107858101779,"North","Winter",6.89069930468913
0.231859545665793,0.00699516851454973,1854.24789800309,60.5138159822673,41.8494495738638,"Central","Summer",12.7450222576772
0.679294746904634,0.819912280421704,1398.34748520516,32.7222540276125,25.8213910284992,"North","Summer",17.277592831904
0.553414220665581,4.78318393346854,1888.16385236569,9.59750465117395,31.5745242798201,"North","Winter",10.5323944257597
0.634214232838713,3.45202464843169,1061.31698559038,88.8336344622076,43.1193584167295,"South","Summer",15.1868353273638
0.728596217161976,1.39587340294383,1582.37602219451,51.9293943187222,15.8528204337653,"South","Winter",12.8359395095981
0.443491895543411,3.21360605419613,1638.10693419073,89.1757399076596,32.8670182797379,"Central","Summer",13.3663703517968
0.251384241343476,3.76741642598063,360.029657837003,20.4134972766042,39.3238493743384,"North","Winter",9.0519427445407
0.62649647067301,1.26056100358255,1307.39322891459,97.5088027305901,16.0004713270387,"Central","Winter",11.3844300235784
0.515753187611699,3.95840026554652,274.246904440224,98.1281877495348,30.6502978631169,"North","Winter",9.53292579175124
0.753487302013673,0.250624153995886,922.010698681697,80.7512863539159,8.21039829291704,"North","Summer",18.7662366825609
0.784058425202966,1.58739719190635,988.253415795043,72.7465852862224,9.559316000697,"North","Winter",19.2549301882017
0.677864445163868,3.32494846661575,895.129119488411,4.42027607932687,23.7464347454894,"South","Winter",11.9993787079399
0.327128322329372,2.36159691819921,1805.90498873498,17.5956825725734,51.6069052387204,"South","Summer",12.8713938539009
0.720477467821911,3.73087147250772,1165.23239482194,2.28701811283827,27.7187686830971,"South","Winter",12.1458102945133
0.661183368507773,4.65484717395157,1292.84393182024,64.514147490263,40.7918228857449,"Central","Summer",15.0041386370896
0.681570865982212,3.82788966759108,1032.12686195038,1.24406500253826,14.165568470011,"North","Winter",11.3649783560587
0.512987068062648,3.58097540214658,433.347793249413,96.9452500110492,41.9503615549379,"North","Winter",8.91730943730323
0.386626316001639,2.96995490440167,1473.15265235957,11.6398729151115,51.2144023846595,"North","Summer",12.322859028405
0.541314551932737,4.98746389639564,737.339643901214,51.7625638982281,18.4276464395424,"South","Summer",15.2613755981378
0.881494383816607,3.21936125401407,2145.33464920241,1.55111514031887,-5.00843443848938,"South","Summer",20.931546436027
0.379616619087756,1.41231256653555,2085.74536812957,93.2358482386917,32.1149493077125,"Central","Winter",9.49622477982351
0.698288509645499,2.42960731382482,605.2059763344,35.6591054005548,28.1701387448892,"Central","Summer",17.1823813957427
0.739200716069899,1.42615286167711,1518.70096805505,20.8001686027274,23.8751895907013,"North","Summer",16.9698392760077
0.65300567203667,1.91774466773495,2183.2846195437,10.0620930315927,30.9165809588639,"North","Winter",11.3692362982753
0.647414875170216,1.53813384356909,2332.48583991081,13.8113041175529,10.2821698077359,"South","Winter",13.3707068476403
0.459102099156007,3.84948416962288,1756.67461222038,2.37243645824492,25.176804480092,"Central","Winter",10.5570789789302
0.289968069503084,2.56273321225308,1340.74160428718,38.9260657131672,50.9477414223575,"Central","Summer",12.5602671170665
0.230454615084454,3.32880052970722,641.403273888864,10.7919854810461,41.7173650446121,"South","Summer",12.937832083871
0.425078823813237,2.47928304015659,1596.27208914608,88.989330176264,32.3188139203201,"North","Winter",9.18525509666485
0.483704709773883,4.89297842024826,1040.82861915231,29.4290947727859,33.4974687093482,"South","Winter",10.3856596118766
0.433465852518566,0.733053246513009,2248.3517808374,99.0988469216973,43.0115222167073,"North","Summer",12.2321221223857
